{
  "central": {
    "family": "freeform",
    "role": "central",
    "center_r": 0.0,
    "angle": 0.0,
    "core_r": 0.0,
    "apex": 13.0,
    "base_z": 142.0,
    "aperture": 23.31697679586134,
    "coef": [
      6.446037234107484e-16,
      1.4105410878614966,
      1.4105410878614963,
      -9.605477610183265e-15,
      3.04563924225323e-15,
      -0.27214870916573947,
      -0.27077452871576313,
      -0.27214870916573974
    ],
    "shift": -0.0,
    "shape_parameters": {
      "radius_x_scale": 1.0,
      "radius_y_scale": 1.0,
      "odd_scale": 2.1102061163871704,
      "quartic_scale": 1.0452994119927597,
      "radius_x_um": 16.530519384736188,
      "radius_y_um": 16.53051938473619,
      "vertex_tilt_deg": 3.6933072809854143e-14
    }
  },
  "side": {
    "family": "quadratic",
    "role": "side",
    "center_r": 32.0,
    "angle": 0.0,
    "core_r": 35.0,
    "apex": 115.0,
    "base_z": 142.0,
    "aperture": 12.088422774186444,
    "coef": [
      0.06510656998397535,
      1.438608721608906,
      1.438608721608906,
      0.0,
      0.0,
      0.0,
      0.0,
      0.0
    ],
    "shift": 0.017613649125372128,
    "shape_parameters": {
      "tilt_scale": 1.0780447105628657,
      "radius_scale": 1.0508727340810013,
      "radius_x_um": 8.40285658818128,
      "radius_y_um": 8.40285658818128,
      "vertex_tilt_deg": 3.725074252142586
    }
  },
  "parameters": {
    "central_lens_type": "freeform",
    "side_lens_type": "quadratic",
    "air_gap_um": 13.0,
    "central_optical_clearance_um": 13.0,
    "side_optical_clearance_um": 115.00026817595901,
    "central_lit_radius_um": 23.31697679586134,
    "side_lit_radius_um": 9.088422774186444,
    "central_side_overlap_um": 3.405399570047784,
    "side_side_overlap_um": -7.823154451627111,
    "side_core_offset_um": -3.0,
    "central_height_um": 129.0,
    "side_height_um": 27.0,
    "central_aperture_um": 23.31697679586134,
    "side_aperture_um": 12.088422774186444,
    "central_shape": {
      "radius_x_scale": 1.0,
      "radius_y_scale": 1.0,
      "odd_scale": 2.1102061163871704,
      "quartic_scale": 1.0452994119927597,
      "radius_x_um": 16.530519384736188,
      "radius_y_um": 16.53051938473619,
      "vertex_tilt_deg": 3.6933072809854143e-14
    },
    "side_shape": {
      "tilt_scale": 1.0780447105628657,
      "radius_scale": 1.0508727340810013,
      "radius_x_um": 8.40285658818128,
      "radius_y_um": 8.40285658818128,
      "vertex_tilt_deg": 3.725074252142586
    }
  },
  "result": {
    "model_fiber_photons_s": 56744279454.24383,
    "model_excited_rate_s": 6547335132772.598,
    "effective_volume_um3": 18.686289069793624,
    "collection_efficiency": 0.008666774848626749,
    "comparison_normalized_cps": 622250402739.6193,
    "contrast": 0.081,
    "fwhm_mhz": 3.5639929444734277,
    "resolution_um": 0.8592350447874999,
    "raw_model_sensitivity_nt": 20.03408779959984,
    "comparison_normalized_sensitivity_nt": 6.049897579108104,
    "tilt_deg": 0.0,
    "max_saturation": 0.10027340646224266,
    "clamped_signal_fraction": 0.0,
    "overlap_volume_um3": 15.312499999999751,
    "overlap_area_um2": 1.361111111111089,
    "overlap_depth_um": 11.25,
    "central_tir_fraction": 0.0,
    "side_tir_fraction": 0.0040182750615952514
  },
  "method_comparison": {},
  "measured": {
    "SM": {
      "od": 3.0,
      "observed_kcps": 2000.0,
      "cps": 2000000000.0,
      "snr": 1.83,
      "contrast": 0.0659,
      "fwhm_mhz": 3.69,
      "sensitivity_nt": 100.0
    },
    "MM": {
      "od": 4.0,
      "observed_kcps": 2000.0,
      "cps": 20000000000.0,
      "snr": 4.2,
      "contrast": 0.0693,
      "fwhm_mhz": 4.52,
      "sensitivity_nt": 29.0
    },
    "MCF": {
      "od": 3.0,
      "observed_kcps": 2000.0,
      "cps": 2000000000.0,
      "snr": 1.98,
      "contrast": 0.081,
      "fwhm_mhz": 3.44,
      "sensitivity_nt": 103.0
    }
  },
  "comparison_normalization": {
    "reference_probe": "measured original MCF",
    "reference_measured_corrected_cps": 2000000000.0,
    "reference_model": "paper_figures.py legacy as-built MCF ensemble checkpoint",
    "reference_model_power_nw": 0.051756581935736595,
    "reference_photon_energy_j": 2.8377797959270407e-19,
    "interpretation": "empirical model-to-experiment normalization; not detector efficiency",
    "reference_model_fiber_photons_s": 182384066.62145135,
    "factor": 10.965870193864662
  },
  "assumptions": {
    "mfd_um": 5.3220408272725,
    "ips_index": 1.52,
    "nv_ppm": 3.0,
    "nv_depth_um": [
      80.0,
      90.0
    ],
    "spectrum_nm": [
      650.0,
      800.0
    ],
    "print_limits_um": [
      300.0,
      300.0,
      300.0
    ],
    "final_depth_points": 33,
    "final_spectral_points": 33,
    "spectral_quadrature": "normalized trapezoidal",
    "spatial_model": "10-um Gaussian core area with uniformly filled full-NA equal-solid-angle rays, traced footprints, and diffraction blur",
    "fiber_na": 0.21,
    "ray_model": "uniform_full_na",
    "optimization_score": "80-90 um volume integral of central 532-nm excitation times summed six-side-core 650-850-nm reciprocal collection",
    "green_fresnel": "included once by trace_full_na",
    "aperture_rule": "cap radius = decenter + scale x beam footprint, scale in [1.0, 1.35]; the fitted and physical apertures therefore coincide",
    "exposure_min": 0.85,
    "exposure_rule": "each cap must be the lowest surface of the printed union over this fraction of its own lit footprint",
    "max_surface_slope": 3.0,
    "max_surface_slope_rule": "tan of the steepest allowed tilt; bounds both TIR loss at the rim and printability",
    "min_polymer_um": 5.0,
    "field_grid_quantum_um": 5.0,
    "field_grid_rule": "integration extent snapped to this ladder so nearby candidates share one mesh",
    "diffraction_angle": "power-weighted RMS cone angle",
    "family_choice": "top candidates re-scored on the final grid before the winner is selected",
    "method_search_quadrature_points": 9
  }
}