{
  "label": "freeform + quadratic",
  "slug": "freeform__quadratic",
  "created": "2026-07-21 23:09:33",
  "sensitivity_nt": 17.484221981829588,
  "normalized_sensitivity_nt": 5.279888622758872,
  "resolution_um": 0.7780644274563212,
  "fwhm_mhz": 3.563932882773261,
  "photons_s": 74499604952.02368,
  "overlap_volume_um3": 70.3125,
  "overlap_area_um2": 6.25,
  "overlap_depth_um": 11.25,
  "max_saturation": 0.02520963087222485,
  "clamped_signal_fraction": 0.0,
  "central_tir_fraction": 7.784822101138281e-05,
  "side_tir_fraction": 0.04807597307918842,
  "central_max_slope": 1.4028964965605557,
  "side_max_slope": 1.649422675951954,
  "parameters": {
    "central_lens_type": "freeform",
    "side_lens_type": "quadratic",
    "air_gap_um": 52.0,
    "central_optical_clearance_um": 52.0,
    "side_optical_clearance_um": 76.00457767730127,
    "central_lit_radius_um": 22.726108837890955,
    "side_lit_radius_um": 19.21545812399,
    "central_side_overlap_um": 17.254360211251182,
    "side_side_overlap_um": 18.68156788623817,
    "side_core_offset_um": -5.0,
    "central_height_um": 87.0,
    "side_height_um": 63.0,
    "central_aperture_um": 22.9135762681321,
    "side_aperture_um": 24.340783943119085
  },
  "raytrace_png": "raytrace.png",
  "one_side_stl": "lens_one_side.stl",
  "full_stl": "lens_full_seven_core.stl"
}