{
  "label": "freeform + quadratic",
  "slug": "freeform__quadratic",
  "created": "2026-07-23 05:01:21",
  "sensitivity_nt": 20.03408779959984,
  "normalized_sensitivity_nt": 6.049897579108104,
  "resolution_um": 0.8592350447874999,
  "fwhm_mhz": 3.5639929444734277,
  "photons_s": 56744279454.24383,
  "overlap_volume_um3": 15.312499999999751,
  "overlap_area_um2": 1.361111111111089,
  "overlap_depth_um": 11.25,
  "max_saturation": 0.10027340646224266,
  "clamped_signal_fraction": 0.0,
  "central_tir_fraction": 0.0,
  "side_tir_fraction": 0.0040182750615952514,
  "central_max_slope": 1.1390256160205823,
  "side_max_slope": 1.5037152915928815,
  "parameters": {
    "central_lens_type": "freeform",
    "side_lens_type": "quadratic",
    "air_gap_um": 13.0,
    "central_optical_clearance_um": 13.0,
    "side_optical_clearance_um": 115.00026817595901,
    "central_lit_radius_um": 23.31697679586134,
    "side_lit_radius_um": 9.088422774186444,
    "central_side_overlap_um": 3.405399570047784,
    "side_side_overlap_um": -7.823154451627111,
    "side_core_offset_um": -3.0,
    "central_height_um": 129.0,
    "side_height_um": 27.0,
    "central_aperture_um": 23.31697679586134,
    "side_aperture_um": 12.088422774186444
  },
  "raytrace_png": "raytrace.png",
  "one_side_stl": "lens_one_side.stl",
  "full_stl": "lens_full_seven_core.stl"
}