{
  "central": {
    "family": "quadratic",
    "role": "central",
    "center_r": 0.0,
    "angle": 0.0,
    "core_r": 0.0,
    "apex": 19.0,
    "base_z": 114.0,
    "aperture": 18.574125455303044,
    "coef": [
      6.088323148964279e-17,
      1.1805200982908473,
      1.1805200982908473,
      0.0,
      0.0,
      0.0,
      0.0,
      0.0
    ],
    "shift": -0.0,
    "shape_parameters": {
      "radius_scale": 1.0,
      "radius_x_um": 15.733849412809317,
      "radius_y_um": 15.733849412809317,
      "vertex_tilt_deg": 3.488352207474524e-15
    }
  },
  "side": {
    "family": "quadratic",
    "role": "side",
    "center_r": 32.0,
    "angle": 0.0,
    "core_r": 35.0,
    "apex": 90.0,
    "base_z": 114.0,
    "aperture": 12.1816982711269,
    "coef": [
      0.09073432473544801,
      1.6219873354086094,
      1.6219873354086094,
      0.0,
      0.0,
      0.0,
      0.0,
      0.0
    ],
    "shift": 0.0305667079386627,
    "shape_parameters": {
      "tilt_scale": 1.0590272392268287,
      "radius_scale": 1.0758830509521544,
      "radius_x_um": 7.510353505971178,
      "radius_y_um": 7.510353505971178,
      "vertex_tilt_deg": 5.184497463942444
    }
  },
  "parameters": {
    "central_lens_type": "quadratic",
    "side_lens_type": "quadratic",
    "air_gap_um": 19.0,
    "central_optical_clearance_um": 19.0,
    "side_optical_clearance_um": 90.0026852435581,
    "central_lit_radius_um": 18.574125455303044,
    "side_lit_radius_um": 8.669935891196005,
    "central_side_overlap_um": -1.244176273570055,
    "side_side_overlap_um": -7.636603457746201,
    "side_core_offset_um": -3.0,
    "central_height_um": 95.0,
    "side_height_um": 24.0,
    "central_aperture_um": 18.574125455303044,
    "side_aperture_um": 12.1816982711269,
    "central_shape": {
      "radius_scale": 1.0,
      "radius_x_um": 15.733849412809317,
      "radius_y_um": 15.733849412809317,
      "vertex_tilt_deg": 3.488352207474524e-15
    },
    "side_shape": {
      "tilt_scale": 1.0590272392268287,
      "radius_scale": 1.0758830509521544,
      "radius_x_um": 7.510353505971178,
      "radius_y_um": 7.510353505971178,
      "vertex_tilt_deg": 5.184497463942444
    }
  },
  "result": {
    "model_fiber_photons_s": 45441266681.83963,
    "model_excited_rate_s": 6724761982447.001,
    "effective_volume_um3": 20.076774244789007,
    "collection_efficiency": 0.006757304838513333,
    "comparison_normalized_cps": 498303031877.8406,
    "contrast": 0.081,
    "fwhm_mhz": 3.5640603679184677,
    "resolution_um": 0.9420603631700417,
    "raw_model_sensitivity_nt": 22.387913332558437,
    "comparison_normalized_sensitivity_nt": 6.760706253600062,
    "tilt_deg": 0.0,
    "max_saturation": 0.07634605233582444,
    "clamped_signal_fraction": 0.0,
    "overlap_volume_um3": 15.312499999999751,
    "overlap_area_um2": 1.361111111111089,
    "overlap_depth_um": 11.25,
    "central_tir_fraction": 0.0,
    "side_tir_fraction": 0.04406753617396358
  },
  "method_comparison": {},
  "measured": {
    "SM": {
      "od": 3.0,
      "observed_kcps": 2000.0,
      "cps": 2000000000.0,
      "snr": 1.83,
      "contrast": 0.0659,
      "fwhm_mhz": 3.69,
      "sensitivity_nt": 100.0
    },
    "MM": {
      "od": 4.0,
      "observed_kcps": 2000.0,
      "cps": 20000000000.0,
      "snr": 4.2,
      "contrast": 0.0693,
      "fwhm_mhz": 4.52,
      "sensitivity_nt": 29.0
    },
    "MCF": {
      "od": 3.0,
      "observed_kcps": 2000.0,
      "cps": 2000000000.0,
      "snr": 1.98,
      "contrast": 0.081,
      "fwhm_mhz": 3.44,
      "sensitivity_nt": 103.0
    }
  },
  "comparison_normalization": {
    "reference_probe": "measured original MCF",
    "reference_measured_corrected_cps": 2000000000.0,
    "reference_model": "paper_figures.py legacy as-built MCF ensemble checkpoint",
    "reference_model_power_nw": 0.051756581935736595,
    "reference_photon_energy_j": 2.8377797959270407e-19,
    "interpretation": "empirical model-to-experiment normalization; not detector efficiency",
    "reference_model_fiber_photons_s": 182384066.62145135,
    "factor": 10.965870193864662
  },
  "assumptions": {
    "mfd_um": 5.3220408272725,
    "ips_index": 1.52,
    "nv_ppm": 3.0,
    "nv_depth_um": [
      80.0,
      90.0
    ],
    "spectrum_nm": [
      650.0,
      800.0
    ],
    "print_limits_um": [
      300.0,
      300.0,
      300.0
    ],
    "final_depth_points": 33,
    "final_spectral_points": 33,
    "spectral_quadrature": "normalized trapezoidal",
    "spatial_model": "10-um Gaussian core area with uniformly filled full-NA equal-solid-angle rays, traced footprints, and diffraction blur",
    "fiber_na": 0.21,
    "ray_model": "uniform_full_na",
    "optimization_score": "80-90 um volume integral of central 532-nm excitation times summed six-side-core 650-850-nm reciprocal collection",
    "green_fresnel": "included once by trace_full_na",
    "aperture_rule": "cap radius = decenter + scale x beam footprint, scale in [1.0, 1.35]; the fitted and physical apertures therefore coincide",
    "exposure_min": 0.85,
    "exposure_rule": "each cap must be the lowest surface of the printed union over this fraction of its own lit footprint",
    "max_surface_slope": 3.0,
    "max_surface_slope_rule": "tan of the steepest allowed tilt; bounds both TIR loss at the rim and printability",
    "min_polymer_um": 5.0,
    "field_grid_quantum_um": 5.0,
    "field_grid_rule": "integration extent snapped to this ladder so nearby candidates share one mesh",
    "diffraction_angle": "power-weighted RMS cone angle",
    "family_choice": "top candidates re-scored on the final grid before the winner is selected",
    "method_search_quadrature_points": 9
  }
}