{
  "label": "quadratic + quadratic",
  "slug": "quadratic__quadratic",
  "created": "2026-07-22 14:24:48",
  "sensitivity_nt": 22.387913332558437,
  "normalized_sensitivity_nt": 6.760706253600062,
  "resolution_um": 0.9420603631700417,
  "fwhm_mhz": 3.5640603679184677,
  "photons_s": 45441266681.83963,
  "overlap_volume_um3": 15.312499999999751,
  "overlap_area_um2": 1.361111111111089,
  "overlap_depth_um": 11.25,
  "max_saturation": 0.07634605233582444,
  "clamped_signal_fraction": 0.0,
  "central_tir_fraction": 0.0,
  "side_tir_fraction": 0.04406753617396358,
  "central_max_slope": 1.1805200982908473,
  "side_max_slope": 1.7127216601440574,
  "parameters": {
    "central_lens_type": "quadratic",
    "side_lens_type": "quadratic",
    "air_gap_um": 19.0,
    "central_optical_clearance_um": 19.0,
    "side_optical_clearance_um": 90.0026852435581,
    "central_lit_radius_um": 18.574125455303044,
    "side_lit_radius_um": 8.669935891196005,
    "central_side_overlap_um": -1.244176273570055,
    "side_side_overlap_um": -7.636603457746201,
    "side_core_offset_um": -3.0,
    "central_height_um": 95.0,
    "side_height_um": 24.0,
    "central_aperture_um": 18.574125455303044,
    "side_aperture_um": 12.1816982711269
  },
  "raytrace_png": "raytrace.png",
  "one_side_stl": "lens_one_side.stl",
  "full_stl": "lens_full_seven_core.stl"
}