{
  "label": "quadratic + quadratic",
  "slug": "quadratic__quadratic",
  "created": "2026-07-21 13:24:31",
  "sensitivity_nt": 17.4457172989728,
  "normalized_sensitivity_nt": 5.268260971431305,
  "resolution_um": 0.6526946178470078,
  "fwhm_mhz": 3.563851816778524,
  "photons_s": 74825421966.59502,
  "max_saturation": 0.02525141493111532,
  "clamped_signal_fraction": 0.0,
  "central_tir_fraction": 1.2974703501897134e-05,
  "side_tir_fraction": 0.05010593483604655,
  "central_max_slope": 1.296182501369108,
  "side_max_slope": 1.857762124914872,
  "parameters": {
    "central_lens_type": "quadratic",
    "side_lens_type": "quadratic",
    "air_gap_um": 49.0,
    "central_optical_clearance_um": 49.0,
    "side_optical_clearance_um": 77.00197063051431,
    "central_lit_radius_um": 23.457494403286987,
    "side_lit_radius_um": 19.361735237069205,
    "central_side_overlap_um": 27.86071880978281,
    "side_side_overlap_um": 35.58407702131128,
    "side_core_offset_um": -8.0,
    "central_height_um": 92.0,
    "side_height_um": 64.0,
    "central_aperture_um": 23.56868029912717,
    "side_aperture_um": 31.29203851065564
  },
  "raytrace_png": "raytrace.png",
  "one_side_stl": "lens_one_side.stl",
  "full_stl": "lens_full_seven_core.stl"
}