{
  "central": {
    "family": "quadratic",
    "role": "central",
    "center_r": 0.0,
    "angle": 0.0,
    "core_r": 0.0,
    "apex": 26.0,
    "base_z": 135.0,
    "aperture": 20.527064242591752,
    "coef": [
      4.941534841259749e-17,
      1.1431887682562514,
      1.1431887682562514,
      0.0,
      0.0,
      0.0,
      0.0,
      0.0
    ],
    "shift": -0.0,
    "shape_parameters": {
      "radius_scale": 1.0,
      "radius_x_um": 17.95597088825711,
      "radius_y_um": 17.95597088825711,
      "vertex_tilt_deg": 2.8312909072103284e-15
    }
  },
  "side": {
    "family": "biconic",
    "role": "side",
    "center_r": 34.0,
    "angle": 0.0,
    "core_r": 35.0,
    "apex": 62.0,
    "base_z": 135.0,
    "aperture": 16.505221646706495,
    "coef": [
      0.5286060416749498,
      0.7839740446944632,
      0.8912830979066277,
      0.0,
      0.0,
      0.11320873463207631,
      0.11320873463207631,
      0.11320873463207631
    ],
    "shift": 2.8544175694940144,
    "shape_parameters": {
      "tilt_scale": 1.0,
      "radius_x_scale": 1.0003306248837642,
      "radius_y_scale": 0.9956650817231292,
      "asphere_scale": 0.8420285661592117,
      "radius_x_um": 21.053275626158065,
      "radius_y_um": 18.518495061190546,
      "vertex_tilt_deg": 27.861200777599787
    }
  },
  "parameters": {
    "central_lens_type": "quadratic",
    "side_lens_type": "biconic",
    "air_gap_um": 26.0,
    "central_optical_clearance_um": 26.0,
    "side_optical_clearance_um": 61.99929162891645,
    "central_lit_radius_um": 20.527064242591752,
    "side_lit_radius_um": 15.505221646706495,
    "central_side_overlap_um": 3.032285889298251,
    "side_side_overlap_um": -0.9895567065870097,
    "side_core_offset_um": -1.0,
    "central_height_um": 109.0,
    "side_height_um": 73.0,
    "central_aperture_um": 20.527064242591752,
    "side_aperture_um": 16.505221646706495,
    "central_shape": {
      "radius_scale": 1.0,
      "radius_x_um": 17.95597088825711,
      "radius_y_um": 17.95597088825711,
      "vertex_tilt_deg": 2.8312909072103284e-15
    },
    "side_shape": {
      "tilt_scale": 1.0,
      "radius_x_scale": 1.0003306248837642,
      "radius_y_scale": 0.9956650817231292,
      "asphere_scale": 0.8420285661592117,
      "radius_x_um": 21.053275626158065,
      "radius_y_um": 18.518495061190546,
      "vertex_tilt_deg": 27.861200777599787
    }
  },
  "result": {
    "model_fiber_photons_s": 63170192706.18384,
    "model_excited_rate_s": 6749996939496.115,
    "effective_volume_um3": 18.394463744388514,
    "collection_efficiency": 0.009358551310824664,
    "comparison_normalized_cps": 692716133337.4282,
    "contrast": 0.081,
    "fwhm_mhz": 3.5640495949023174,
    "resolution_um": 0.9293219491910694,
    "raw_model_sensitivity_nt": 18.988095960138196,
    "comparison_normalized_sensitivity_nt": 5.734028767878663,
    "tilt_deg": 0.0,
    "max_saturation": 0.0821455549020696,
    "clamped_signal_fraction": 0.6943497125596458,
    "overlap_volume_um3": 6.510416666666593,
    "overlap_area_um2": 0.8680555555555457,
    "overlap_depth_um": 7.500000000000001,
    "central_tir_fraction": 0.0,
    "side_tir_fraction": 0.002117541005495926
  },
  "method_comparison": {},
  "measured": {
    "SM": {
      "od": 3.0,
      "observed_kcps": 2000.0,
      "cps": 2000000000.0,
      "snr": 1.83,
      "contrast": 0.0659,
      "fwhm_mhz": 3.69,
      "sensitivity_nt": 100.0
    },
    "MM": {
      "od": 4.0,
      "observed_kcps": 2000.0,
      "cps": 20000000000.0,
      "snr": 4.2,
      "contrast": 0.0693,
      "fwhm_mhz": 4.52,
      "sensitivity_nt": 29.0
    },
    "MCF": {
      "od": 3.0,
      "observed_kcps": 2000.0,
      "cps": 2000000000.0,
      "snr": 1.98,
      "contrast": 0.081,
      "fwhm_mhz": 3.44,
      "sensitivity_nt": 103.0
    }
  },
  "comparison_normalization": {
    "reference_probe": "measured original MCF",
    "reference_measured_corrected_cps": 2000000000.0,
    "reference_model": "paper_figures.py legacy as-built MCF ensemble checkpoint",
    "reference_model_power_nw": 0.051756581935736595,
    "reference_photon_energy_j": 2.8377797959270407e-19,
    "interpretation": "empirical model-to-experiment normalization; not detector efficiency",
    "reference_model_fiber_photons_s": 182384066.62145135,
    "factor": 10.965870193864662
  },
  "assumptions": {
    "mfd_um": 5.3220408272725,
    "ips_index": 1.52,
    "nv_ppm": 3.0,
    "nv_depth_um": [
      80.0,
      90.0
    ],
    "spectrum_nm": [
      650.0,
      800.0
    ],
    "print_limits_um": [
      300.0,
      300.0,
      300.0
    ],
    "final_depth_points": 33,
    "final_spectral_points": 33,
    "spectral_quadrature": "normalized trapezoidal",
    "spatial_model": "10-um Gaussian core area with uniformly filled full-NA equal-solid-angle rays, traced footprints, and diffraction blur",
    "fiber_na": 0.21,
    "ray_model": "uniform_full_na",
    "optimization_score": "80-90 um volume integral of central 532-nm excitation times summed six-side-core 650-850-nm reciprocal collection",
    "green_fresnel": "included once by trace_full_na",
    "aperture_rule": "cap radius = decenter + scale x beam footprint, scale in [1.0, 1.35]; the fitted and physical apertures therefore coincide",
    "exposure_min": 0.85,
    "exposure_rule": "each cap must be the lowest surface of the printed union over this fraction of its own lit footprint",
    "max_surface_slope": 3.0,
    "max_surface_slope_rule": "tan of the steepest allowed tilt; bounds both TIR loss at the rim and printability",
    "min_polymer_um": 5.0,
    "field_grid_quantum_um": 5.0,
    "field_grid_rule": "integration extent snapped to this ladder so nearby candidates share one mesh",
    "diffraction_angle": "power-weighted RMS cone angle",
    "family_choice": "top candidates re-scored on the final grid before the winner is selected",
    "method_search_quadrature_points": 9
  }
}