{
  "label": "quadratic + biconic",
  "slug": "quadratic__biconic",
  "created": "2026-07-21 16:42:01",
  "sensitivity_nt": 10.415368859342495,
  "normalized_sensitivity_nt": 3.1452350353038137,
  "resolution_um": 0.573826610381216,
  "fwhm_mhz": 3.563808098526344,
  "photons_s": 209926309344.14966,
  "overlap_volume_um3": 16.875,
  "overlap_area_um2": 2.25,
  "overlap_depth_um": 7.5,
  "max_saturation": 0.0691837784338729,
  "clamped_signal_fraction": 0.0,
  "central_tir_fraction": 0.002456039364594802,
  "side_tir_fraction": 0.1386124453266278,
  "central_max_slope": 1.5614788556585621,
  "side_max_slope": 2.100644548005937,
  "parameters": {
    "central_lens_type": "quadratic",
    "side_lens_type": "biconic",
    "air_gap_um": 18.0,
    "central_optical_clearance_um": 18.0,
    "side_optical_clearance_um": 30.005334864231155,
    "central_lit_radius_um": 20.678229254782064,
    "side_lit_radius_um": 18.92290389783159,
    "central_side_overlap_um": 10.858528225170787,
    "side_side_overlap_um": 12.360597940777438,
    "side_core_offset_um": -3.0,
    "central_height_um": 73.0,
    "side_height_um": 61.0,
    "central_aperture_um": 20.678229254782064,
    "side_aperture_um": 22.18029897038872
  },
  "raytrace_png": "raytrace.png",
  "one_side_stl": "lens_one_side.stl",
  "full_stl": "lens_full_seven_core.stl"
}