{
  "label": "quadratic + biconic",
  "slug": "quadratic__biconic",
  "created": "2026-07-22 16:38:45",
  "sensitivity_nt": 18.988095960138196,
  "normalized_sensitivity_nt": 5.734028767878663,
  "resolution_um": 0.9293219491910694,
  "fwhm_mhz": 3.5640495949023174,
  "photons_s": 63170192706.18384,
  "overlap_volume_um3": 6.510416666666593,
  "overlap_area_um2": 0.8680555555555457,
  "overlap_depth_um": 7.500000000000001,
  "max_saturation": 0.0821455549020696,
  "clamped_signal_fraction": 0.6943497125596458,
  "central_tir_fraction": 0.0,
  "side_tir_fraction": 0.002117541005495926,
  "central_max_slope": 1.1431887682562516,
  "side_max_slope": 1.4257888210014893,
  "parameters": {
    "central_lens_type": "quadratic",
    "side_lens_type": "biconic",
    "air_gap_um": 26.0,
    "central_optical_clearance_um": 26.0,
    "side_optical_clearance_um": 61.99929162891645,
    "central_lit_radius_um": 20.527064242591752,
    "side_lit_radius_um": 15.505221646706495,
    "central_side_overlap_um": 3.032285889298251,
    "side_side_overlap_um": -0.9895567065870097,
    "side_core_offset_um": -1.0,
    "central_height_um": 109.0,
    "side_height_um": 73.0,
    "central_aperture_um": 20.527064242591752,
    "side_aperture_um": 16.505221646706495
  },
  "raytrace_png": "raytrace.png",
  "one_side_stl": "lens_one_side.stl",
  "full_stl": "lens_full_seven_core.stl"
}