{
  "label": "quadratic + biconic",
  "slug": "quadratic__biconic",
  "created": "2026-07-21 14:20:29",
  "sensitivity_nt": 10.49813539258689,
  "normalized_sensitivity_nt": 3.17022888848621,
  "resolution_um": 0.6193632894006917,
  "fwhm_mhz": 3.563832654600896,
  "photons_s": 206632117712.24097,
  "max_saturation": 0.06714191044380693,
  "clamped_signal_fraction": 0.0,
  "central_tir_fraction": 0.0023587290883305737,
  "side_tir_fraction": 0.11194901256911062,
  "central_max_slope": 1.5230173380838485,
  "side_max_slope": 1.8887190784550385,
  "parameters": {
    "central_lens_type": "quadratic",
    "side_lens_type": "biconic",
    "air_gap_um": 20.0,
    "central_optical_clearance_um": 20.0,
    "side_optical_clearance_um": 33.00110596543072,
    "central_lit_radius_um": 21.848446159415715,
    "side_lit_radius_um": 19.946843689386032,
    "central_side_overlap_um": 15.03452030670497,
    "side_side_overlap_um": 17.37214829457851,
    "side_core_offset_um": -4.0,
    "central_height_um": 81.0,
    "side_height_um": 68.0,
    "central_aperture_um": 21.848446159415715,
    "side_aperture_um": 24.186074147289254
  },
  "raytrace_png": "raytrace.png",
  "one_side_stl": "lens_one_side.stl",
  "full_stl": "lens_full_seven_core.stl"
}