{
  "central": {
    "family": "asphere",
    "role": "central",
    "center_r": 0.0,
    "angle": 0.0,
    "core_r": 0.0,
    "apex": 19.0,
    "base_z": 104.0,
    "aperture": 22.43355461173254,
    "coef": [
      6.102907361436005e-17,
      1.5546639560055673,
      1.5546639560055673,
      0.0,
      0.0,
      -0.10938668001178188,
      -0.10938668001178188,
      -0.10938668001178188
    ],
    "shift": -0.0,
    "shape_parameters": {
      "radius_scale": 1.0,
      "asphere_scale": 1.0671097596259373,
      "radius_x_um": 14.429841590572133,
      "radius_y_um": 14.429841590572133,
      "vertex_tilt_deg": 3.4967083456960434e-15
    }
  },
  "side": {
    "family": "asphere",
    "role": "side",
    "center_r": 15.0,
    "angle": 0.0,
    "core_r": 35.0,
    "apex": 34.0,
    "base_z": 104.0,
    "aperture": 41.59765904463033,
    "coef": [
      -0.4455569053266481,
      2.6695410866972313,
      2.6695410866972313,
      0.0,
      0.0,
      -1.0402135255654081,
      -1.0402135255654081,
      -1.0402135255654081
    ],
    "shift": 1.5532154973325336,
    "shape_parameters": {
      "tilt_scale": 0.9928946353949,
      "radius_scale": 0.97534376092187,
      "asphere_scale": 1.6799593034917382,
      "radius_x_um": 15.58232583567206,
      "radius_y_um": 15.58232583567206,
      "vertex_tilt_deg": -24.015692605226846
    }
  },
  "parameters": {
    "central_lens_type": "asphere",
    "side_lens_type": "asphere",
    "air_gap_um": 19.0,
    "central_optical_clearance_um": 19.0,
    "side_optical_clearance_um": 33.99888863827219,
    "central_lit_radius_um": 22.43355461173254,
    "side_lit_radius_um": 20.239397915544444,
    "central_side_overlap_um": 49.031213656362866,
    "side_side_overlap_um": 68.19531808926067,
    "side_core_offset_um": -20.0,
    "central_height_um": 85.0,
    "side_height_um": 70.0,
    "central_aperture_um": 22.43355461173254,
    "side_aperture_um": 41.59765904463033,
    "central_shape": {
      "radius_scale": 1.0,
      "asphere_scale": 1.0671097596259373,
      "radius_x_um": 14.429841590572133,
      "radius_y_um": 14.429841590572133,
      "vertex_tilt_deg": 3.4967083456960434e-15
    },
    "side_shape": {
      "tilt_scale": 0.9928946353949,
      "radius_scale": 0.97534376092187,
      "asphere_scale": 1.6799593034917382,
      "radius_x_um": 15.58232583567206,
      "radius_y_um": 15.58232583567206,
      "vertex_tilt_deg": -24.015692605226846
    }
  },
  "result": {
    "model_fiber_photons_s": 110780061702.16287,
    "comparison_normalized_cps": 1214799776694.236,
    "contrast": 0.081,
    "fwhm_mhz": 3.5640594217017654,
    "resolution_um": 0.9409484280975084,
    "raw_model_sensitivity_nt": 14.338638472837967,
    "comparison_normalized_sensitivity_nt": 4.329984726644826,
    "tilt_deg": 0.0,
    "max_saturation": 0.06954983618786154,
    "clamped_signal_fraction": 0.0,
    "overlap_volume_um3": 25.3125,
    "overlap_area_um2": 2.25,
    "overlap_depth_um": 11.25,
    "central_tir_fraction": 0.0009419394714662901,
    "side_tir_fraction": 0.08802069270100824
  },
  "method_comparison": {},
  "measured": {
    "SM": {
      "od": 3.0,
      "observed_kcps": 2000.0,
      "cps": 2000000000.0,
      "snr": 1.83,
      "contrast": 0.0659,
      "fwhm_mhz": 3.69,
      "sensitivity_nt": 100.0
    },
    "MM": {
      "od": 4.0,
      "observed_kcps": 2000.0,
      "cps": 20000000000.0,
      "snr": 4.2,
      "contrast": 0.0693,
      "fwhm_mhz": 4.52,
      "sensitivity_nt": 29.0
    },
    "MCF": {
      "od": 3.0,
      "observed_kcps": 2000.0,
      "cps": 2000000000.0,
      "snr": 1.98,
      "contrast": 0.081,
      "fwhm_mhz": 3.44,
      "sensitivity_nt": 103.0
    }
  },
  "comparison_normalization": {
    "reference_probe": "measured original MCF",
    "reference_measured_corrected_cps": 2000000000.0,
    "reference_model": "paper_figures.py legacy as-built MCF ensemble checkpoint",
    "reference_model_power_nw": 0.051756581935736595,
    "reference_photon_energy_j": 2.8377797959270407e-19,
    "interpretation": "empirical model-to-experiment normalization; not detector efficiency",
    "reference_model_fiber_photons_s": 182384066.62145135,
    "factor": 10.965870193864662
  },
  "assumptions": {
    "mfd_um": 10.0,
    "ips_index": 1.52,
    "nv_ppm": 3.0,
    "nv_depth_um": [
      80.0,
      90.0
    ],
    "spectrum_nm": [
      650.0,
      800.0
    ],
    "print_limits_um": [
      300.0,
      300.0,
      300.0
    ],
    "final_depth_points": 33,
    "final_spectral_points": 33,
    "spectral_quadrature": "normalized trapezoidal",
    "spatial_model": "10-um Gaussian core area with uniformly filled full-NA equal-solid-angle rays, traced footprints, and diffraction blur",
    "fiber_na": 0.22,
    "ray_model": "uniform_full_na",
    "optimization_score": "80-90 um volume integral of central 532-nm excitation times summed six-side-core 650-850-nm reciprocal collection",
    "green_fresnel": "included once by trace_full_na",
    "aperture_rule": "cap radius = decenter + scale x beam footprint, scale in [1.0, 1.35]; the fitted and physical apertures therefore coincide",
    "exposure_min": 0.85,
    "exposure_rule": "each cap must be the lowest surface of the printed union over this fraction of its own lit footprint",
    "max_surface_slope": 3.0,
    "max_surface_slope_rule": "tan of the steepest allowed tilt; bounds both TIR loss at the rim and printability",
    "min_polymer_um": 5.0,
    "field_grid_quantum_um": 5.0,
    "field_grid_rule": "integration extent snapped to this ladder so nearby candidates share one mesh",
    "diffraction_angle": "power-weighted RMS cone angle",
    "family_choice": "top candidates re-scored on the final grid before the winner is selected",
    "method_search_quadrature_points": 9
  }
}