{
  "central": {
    "family": "freeform",
    "role": "central",
    "center_r": 0.0,
    "angle": 0.0,
    "core_r": 0.0,
    "apex": 10.0,
    "base_z": 82.0,
    "aperture": 20.53195214170286,
    "coef": [
      -2.116878957887574e-18,
      1.6935212047555226,
      1.6935212047555235,
      3.4747835233674275e-16,
      3.4747835233674275e-16,
      -0.15492280680190795,
      -0.153618287164179,
      -0.15492280680190673
    ],
    "shift": -0.0,
    "shape_parameters": {
      "radius_x_scale": 1.0,
      "radius_y_scale": 1.0,
      "odd_scale": 1.5649033781030686,
      "quartic_scale": 1.096040043526478,
      "radius_x_um": 12.123823477407749,
      "radius_y_um": 12.123823477407742,
      "vertex_tilt_deg": -1.2128823002700992e-16
    }
  },
  "side": {
    "family": "biconic",
    "role": "side",
    "center_r": 40.0,
    "angle": 0.0,
    "core_r": 35.0,
    "apex": 23.0,
    "base_z": 82.0,
    "aperture": 23.630349671673173,
    "coef": [
      1.0333499179574581,
      1.2953249114950907,
      1.613740639906692,
      0.0,
      0.0,
      -0.28705257176624405,
      -0.28705257176624405,
      -0.28705257176624405
    ],
    "shift": 10.809717757247823,
    "shape_parameters": {
      "tilt_scale": 0.9828213034443152,
      "radius_x_scale": 1.0369229208433381,
      "radius_y_scale": 1.0323564198477477,
      "asphere_scale": 1.304928094934599,
      "radius_x_um": 18.242797202439764,
      "radius_y_um": 14.643214087388603,
      "vertex_tilt_deg": 45.93965048307177
    }
  },
  "parameters": {
    "central_lens_type": "freeform",
    "side_lens_type": "biconic",
    "air_gap_um": 10.0,
    "central_optical_clearance_um": 10.0,
    "side_optical_clearance_um": 23.0,
    "central_lit_radius_um": 20.53195214170286,
    "side_lit_radius_um": 18.630349671673173,
    "central_side_overlap_um": 4.1623018133760326,
    "side_side_overlap_um": 7.260699343346346,
    "side_core_offset_um": 5.0,
    "central_height_um": 72.0,
    "side_height_um": 59.0,
    "central_aperture_um": 20.53195214170286,
    "side_aperture_um": 23.630349671673173,
    "central_shape": {
      "radius_x_scale": 1.0,
      "radius_y_scale": 1.0,
      "odd_scale": 1.5649033781030686,
      "quartic_scale": 1.096040043526478,
      "radius_x_um": 12.123823477407749,
      "radius_y_um": 12.123823477407742,
      "vertex_tilt_deg": -1.2128823002700992e-16
    },
    "side_shape": {
      "tilt_scale": 0.9828213034443152,
      "radius_x_scale": 1.0369229208433381,
      "radius_y_scale": 1.0323564198477477,
      "asphere_scale": 1.304928094934599,
      "radius_x_um": 18.242797202439764,
      "radius_y_um": 14.643214087388603,
      "vertex_tilt_deg": 45.93965048307177
    }
  },
  "result": {
    "model_fiber_photons_s": 125543102463.26544,
    "comparison_normalized_cps": 1376689365347.2197,
    "contrast": 0.081,
    "fwhm_mhz": 3.5639112274453817,
    "resolution_um": 0.7466373329015942,
    "raw_model_sensitivity_nt": 13.468655021798643,
    "comparison_normalized_sensitivity_nt": 4.067266961456033,
    "tilt_deg": 0.0,
    "max_saturation": 0.08303092430894532,
    "clamped_signal_fraction": 0.989819509089921,
    "overlap_volume_um3": 18.90625,
    "overlap_area_um2": 1.890625,
    "overlap_depth_um": 10.0,
    "central_tir_fraction": 0.006764794380946189,
    "side_tir_fraction": 0.16327510941016612
  },
  "method_comparison": {},
  "measured": {
    "SM": {
      "od": 3.0,
      "observed_kcps": 2000.0,
      "cps": 2000000000.0,
      "snr": 1.83,
      "contrast": 0.0659,
      "fwhm_mhz": 3.69,
      "sensitivity_nt": 100.0
    },
    "MM": {
      "od": 4.0,
      "observed_kcps": 2000.0,
      "cps": 20000000000.0,
      "snr": 4.2,
      "contrast": 0.0693,
      "fwhm_mhz": 4.52,
      "sensitivity_nt": 29.0
    },
    "MCF": {
      "od": 3.0,
      "observed_kcps": 2000.0,
      "cps": 2000000000.0,
      "snr": 1.98,
      "contrast": 0.081,
      "fwhm_mhz": 3.44,
      "sensitivity_nt": 103.0
    }
  },
  "comparison_normalization": {
    "reference_probe": "measured original MCF",
    "reference_measured_corrected_cps": 2000000000.0,
    "reference_model": "paper_figures.py legacy as-built MCF ensemble checkpoint",
    "reference_model_power_nw": 0.051756581935736595,
    "reference_photon_energy_j": 2.8377797959270407e-19,
    "interpretation": "empirical model-to-experiment normalization; not detector efficiency",
    "reference_model_fiber_photons_s": 182384066.62145135,
    "factor": 10.965870193864662
  },
  "assumptions": {
    "mfd_um": 10.0,
    "ips_index": 1.52,
    "nv_ppm": 3.0,
    "nv_depth_um": [
      80.0,
      90.0
    ],
    "spectrum_nm": [
      650.0,
      800.0
    ],
    "print_limits_um": [
      300.0,
      300.0,
      300.0
    ],
    "final_depth_points": 33,
    "final_spectral_points": 33,
    "spectral_quadrature": "normalized trapezoidal",
    "spatial_model": "10-um Gaussian core area with uniformly filled full-NA equal-solid-angle rays, traced footprints, and diffraction blur",
    "fiber_na": 0.22,
    "ray_model": "uniform_full_na",
    "optimization_score": "80-90 um volume integral of central 532-nm excitation times summed six-side-core 650-850-nm reciprocal collection",
    "green_fresnel": "included once by trace_full_na",
    "aperture_rule": "cap radius = decenter + scale x beam footprint, scale in [1.0, 1.35]; the fitted and physical apertures therefore coincide",
    "exposure_min": 0.85,
    "exposure_rule": "each cap must be the lowest surface of the printed union over this fraction of its own lit footprint",
    "max_surface_slope": 3.0,
    "max_surface_slope_rule": "tan of the steepest allowed tilt; bounds both TIR loss at the rim and printability",
    "min_polymer_um": 5.0,
    "field_grid_quantum_um": 5.0,
    "field_grid_rule": "integration extent snapped to this ladder so nearby candidates share one mesh",
    "diffraction_angle": "power-weighted RMS cone angle",
    "family_choice": "top candidates re-scored on the final grid before the winner is selected",
    "method_search_quadrature_points": 9
  }
}