{
  "central": {
    "family": "freeform",
    "role": "central",
    "center_r": 0.0,
    "angle": 0.0,
    "core_r": 0.0,
    "apex": 24.0,
    "base_z": 158.0,
    "aperture": 24.014454934178737,
    "coef": [
      2.856737803805159e-16,
      1.2764762493864337,
      1.2764762493864323,
      -2.8581272565240326e-15,
      5.716254513048065e-16,
      -0.17198768461744063,
      -0.17115088220964794,
      -0.17198768461744118
    ],
    "shift": -0.0,
    "shape_parameters": {
      "radius_x_scale": 1.0,
      "radius_y_scale": 1.0,
      "odd_scale": 1.2871860847459091,
      "quartic_scale": 1.0472234895448407,
      "radius_x_um": 18.813084023867905,
      "radius_y_um": 18.813084023867923,
      "vertex_tilt_deg": 1.636790193335074e-14
    }
  },
  "side": {
    "family": "asphere",
    "role": "side",
    "center_r": 5.0,
    "angle": 0.0,
    "core_r": 35.0,
    "apex": 57.0,
    "base_z": 158.0,
    "aperture": 49.41109922128392,
    "coef": [
      -0.7412452237489596,
      2.3757481130429037,
      2.3757481130429037,
      0.0,
      0.0,
      -0.45056919891072567,
      -0.45056919891072567,
      -0.45056919891072567
    ],
    "shift": 5.765890374347724,
    "shape_parameters": {
      "tilt_scale": 0.9872171403638874,
      "radius_scale": 0.9930210869799805,
      "asphere_scale": 1.3339178888429428,
      "radius_x_um": 20.79812205259304,
      "radius_y_um": 20.79812205259304,
      "vertex_tilt_deg": -36.547514779524064
    }
  },
  "parameters": {
    "central_lens_type": "freeform",
    "side_lens_type": "asphere",
    "air_gap_um": 24.0,
    "central_optical_clearance_um": 24.0,
    "side_optical_clearance_um": 56.999109768910785,
    "central_lit_radius_um": 24.014454934178737,
    "side_lit_radius_um": 19.41109922128392,
    "central_side_overlap_um": 68.42555415546266,
    "side_side_overlap_um": 93.82219844256784,
    "side_core_offset_um": -30.0,
    "central_height_um": 134.0,
    "side_height_um": 101.0,
    "central_aperture_um": 24.014454934178737,
    "side_aperture_um": 49.41109922128392,
    "central_shape": {
      "radius_x_scale": 1.0,
      "radius_y_scale": 1.0,
      "odd_scale": 1.2871860847459091,
      "quartic_scale": 1.0472234895448407,
      "radius_x_um": 18.813084023867905,
      "radius_y_um": 18.813084023867923,
      "vertex_tilt_deg": 1.636790193335074e-14
    },
    "side_shape": {
      "tilt_scale": 0.9872171403638874,
      "radius_scale": 0.9930210869799805,
      "asphere_scale": 1.3339178888429428,
      "radius_x_um": 20.79812205259304,
      "radius_y_um": 20.79812205259304,
      "vertex_tilt_deg": -36.547514779524064
    }
  },
  "result": {
    "model_fiber_photons_s": 57051565360.168175,
    "model_excited_rate_s": 6626788149848.253,
    "effective_volume_um3": 15.802132700685029,
    "collection_efficiency": 0.00860923332240138,
    "comparison_normalized_cps": 625620060096.3898,
    "contrast": 0.081,
    "fwhm_mhz": 3.564088048355507,
    "resolution_um": 0.9740272606371688,
    "raw_model_sensitivity_nt": 19.980595232488586,
    "comparison_normalized_sensitivity_nt": 6.03374388369138,
    "tilt_deg": 0.0,
    "max_saturation": 0.1319407059658295,
    "clamped_signal_fraction": 0.0,
    "overlap_volume_um3": 2.8710937499999534,
    "overlap_area_um2": 0.4253472222222153,
    "overlap_depth_um": 6.75,
    "central_tir_fraction": 0.0,
    "side_tir_fraction": 0.07348109742916921
  },
  "method_comparison": {},
  "measured": {
    "SM": {
      "od": 3.0,
      "observed_kcps": 2000.0,
      "cps": 2000000000.0,
      "snr": 1.83,
      "contrast": 0.0659,
      "fwhm_mhz": 3.69,
      "sensitivity_nt": 100.0
    },
    "MM": {
      "od": 4.0,
      "observed_kcps": 2000.0,
      "cps": 20000000000.0,
      "snr": 4.2,
      "contrast": 0.0693,
      "fwhm_mhz": 4.52,
      "sensitivity_nt": 29.0
    },
    "MCF": {
      "od": 3.0,
      "observed_kcps": 2000.0,
      "cps": 2000000000.0,
      "snr": 1.98,
      "contrast": 0.081,
      "fwhm_mhz": 3.44,
      "sensitivity_nt": 103.0
    }
  },
  "comparison_normalization": {
    "reference_probe": "measured original MCF",
    "reference_measured_corrected_cps": 2000000000.0,
    "reference_model": "paper_figures.py legacy as-built MCF ensemble checkpoint",
    "reference_model_power_nw": 0.051756581935736595,
    "reference_photon_energy_j": 2.8377797959270407e-19,
    "interpretation": "empirical model-to-experiment normalization; not detector efficiency",
    "reference_model_fiber_photons_s": 182384066.62145135,
    "factor": 10.965870193864662
  },
  "assumptions": {
    "mfd_um": 5.3220408272725,
    "ips_index": 1.52,
    "nv_ppm": 3.0,
    "nv_depth_um": [
      80.0,
      90.0
    ],
    "spectrum_nm": [
      650.0,
      800.0
    ],
    "print_limits_um": [
      300.0,
      300.0,
      300.0
    ],
    "final_depth_points": 33,
    "final_spectral_points": 33,
    "spectral_quadrature": "normalized trapezoidal",
    "spatial_model": "10-um Gaussian core area with uniformly filled full-NA equal-solid-angle rays, traced footprints, and diffraction blur",
    "fiber_na": 0.21,
    "ray_model": "uniform_full_na",
    "optimization_score": "80-90 um volume integral of central 532-nm excitation times summed six-side-core 650-850-nm reciprocal collection",
    "green_fresnel": "included once by trace_full_na",
    "aperture_rule": "cap radius = decenter + scale x beam footprint, scale in [1.0, 1.35]; the fitted and physical apertures therefore coincide",
    "exposure_min": 0.85,
    "exposure_rule": "each cap must be the lowest surface of the printed union over this fraction of its own lit footprint",
    "max_surface_slope": 3.0,
    "max_surface_slope_rule": "tan of the steepest allowed tilt; bounds both TIR loss at the rim and printability",
    "min_polymer_um": 5.0,
    "field_grid_quantum_um": 5.0,
    "field_grid_rule": "integration extent snapped to this ladder so nearby candidates share one mesh",
    "diffraction_angle": "power-weighted RMS cone angle",
    "family_choice": "top candidates re-scored on the final grid before the winner is selected",
    "method_search_quadrature_points": 9
  }
}