{
  "label": "freeform + asphere",
  "slug": "freeform__asphere",
  "created": "2026-07-23 05:48:00",
  "sensitivity_nt": 19.980595232488586,
  "normalized_sensitivity_nt": 6.03374388369138,
  "resolution_um": 0.9740272606371688,
  "fwhm_mhz": 3.564088048355507,
  "photons_s": 57051565360.168175,
  "overlap_volume_um3": 2.8710937499999534,
  "overlap_area_um2": 0.4253472222222153,
  "overlap_depth_um": 6.75,
  "max_saturation": 0.1319407059658295,
  "clamped_signal_fraction": 0.0,
  "central_tir_fraction": 0.0,
  "side_tir_fraction": 0.07348109742916921,
  "central_max_slope": 1.1048741690425297,
  "side_max_slope": 2.6664241378811377,
  "parameters": {
    "central_lens_type": "freeform",
    "side_lens_type": "asphere",
    "air_gap_um": 24.0,
    "central_optical_clearance_um": 24.0,
    "side_optical_clearance_um": 56.999109768910785,
    "central_lit_radius_um": 24.014454934178737,
    "side_lit_radius_um": 19.41109922128392,
    "central_side_overlap_um": 68.42555415546266,
    "side_side_overlap_um": 93.82219844256784,
    "side_core_offset_um": -30.0,
    "central_height_um": 134.0,
    "side_height_um": 101.0,
    "central_aperture_um": 24.014454934178737,
    "side_aperture_um": 49.41109922128392
  },
  "raytrace_png": "raytrace.png",
  "one_side_stl": "lens_one_side.stl",
  "full_stl": "lens_full_seven_core.stl"
}