{
  "label": "freeform + asphere",
  "slug": "freeform__asphere",
  "created": "2026-07-21 23:39:57",
  "sensitivity_nt": 15.053757505523214,
  "normalized_sensitivity_nt": 4.545936505827056,
  "resolution_um": 0.9842262671549906,
  "fwhm_mhz": 3.564097074070998,
  "photons_s": 100507107979.5738,
  "overlap_volume_um3": 34.453125,
  "overlap_area_um2": 3.0625,
  "overlap_depth_um": 11.25,
  "max_saturation": 0.051769641927789475,
  "clamped_signal_fraction": 0.0,
  "central_tir_fraction": 0.00023354466303414842,
  "side_tir_fraction": 0.06591682694155954,
  "central_max_slope": 1.4253127596923216,
  "side_max_slope": 1.9223537886942639,
  "parameters": {
    "central_lens_type": "freeform",
    "side_lens_type": "asphere",
    "air_gap_um": 20.0,
    "central_optical_clearance_um": 20.0,
    "side_optical_clearance_um": 42.002573999517,
    "central_lit_radius_um": 22.87238595097016,
    "side_lit_radius_um": 19.65428946322762,
    "central_side_overlap_um": 43.52667541419778,
    "side_side_overlap_um": 58.30857892645524,
    "side_core_offset_um": -18.0,
    "central_height_um": 88.0,
    "side_height_um": 66.0,
    "central_aperture_um": 22.87238595097016,
    "side_aperture_um": 37.65428946322762
  },
  "raytrace_png": "raytrace.png",
  "one_side_stl": "lens_one_side.stl",
  "full_stl": "lens_full_seven_core.stl"
}