{
  "central": {
    "family": "biconic",
    "role": "central",
    "center_r": 0.0,
    "angle": 0.0,
    "core_r": 0.0,
    "apex": 11.0,
    "base_z": 134.0,
    "aperture": 22.480003029880464,
    "coef": [
      5.796080644405912e-17,
      1.422658217256262,
      1.4226582172562574,
      0.0,
      0.0,
      -0.27575655756564854,
      -0.27575655756564854,
      -0.27575655756564854
    ],
    "shift": -0.0,
    "shape_parameters": {
      "radius_x_scale": 1.0,
      "radius_y_scale": 1.0,
      "asphere_scale": 1.039597165805573,
      "radius_x_um": 15.801408066397977,
      "radius_y_um": 15.801408066398029,
      "vertex_tilt_deg": 3.320909586419252e-15
    }
  },
  "side": {
    "family": "quadratic",
    "role": "side",
    "center_r": 37.0,
    "angle": 0.0,
    "core_r": 35.0,
    "apex": 108.0,
    "base_z": 134.0,
    "aperture": 10.948927146522964,
    "coef": [
      0.6874308053589527,
      1.354510074433458,
      1.354510074433458,
      0.0,
      0.0,
      0.0,
      0.0,
      0.0
    ],
    "shift": 1.9095108875499747,
    "shape_parameters": {
      "tilt_scale": 0.9591876203812228,
      "radius_scale": 1.0543351698917198,
      "radius_x_um": 8.08331171040016,
      "radius_y_um": 8.08331171040016,
      "vertex_tilt_deg": 34.505830785081656
    }
  },
  "parameters": {
    "central_lens_type": "biconic",
    "side_lens_type": "quadratic",
    "air_gap_um": 11.0,
    "central_optical_clearance_um": 11.0,
    "side_optical_clearance_um": 107.99961380754056,
    "central_lit_radius_um": 22.480003029880464,
    "side_lit_radius_um": 8.948927146522964,
    "central_side_overlap_um": -3.5710698235965737,
    "side_side_overlap_um": -15.102145706954072,
    "side_core_offset_um": 2.0,
    "central_height_um": 123.0,
    "side_height_um": 26.0,
    "central_aperture_um": 22.480003029880464,
    "side_aperture_um": 10.948927146522964,
    "central_shape": {
      "radius_x_scale": 1.0,
      "radius_y_scale": 1.0,
      "asphere_scale": 1.039597165805573,
      "radius_x_um": 15.801408066397977,
      "radius_y_um": 15.801408066398029,
      "vertex_tilt_deg": 3.320909586419252e-15
    },
    "side_shape": {
      "tilt_scale": 0.9591876203812228,
      "radius_scale": 1.0543351698917198,
      "radius_x_um": 8.08331171040016,
      "radius_y_um": 8.08331171040016,
      "vertex_tilt_deg": 34.505830785081656
    }
  },
  "result": {
    "model_fiber_photons_s": 56724387303.6515,
    "model_excited_rate_s": 6544493125067.667,
    "effective_volume_um3": 18.738036725469836,
    "collection_efficiency": 0.008667498952115561,
    "comparison_normalized_cps": 622032267998.347,
    "contrast": 0.081,
    "fwhm_mhz": 3.563986145181659,
    "resolution_um": 0.8504350185904732,
    "raw_model_sensitivity_nt": 20.037562048933435,
    "comparison_normalized_sensitivity_nt": 6.050946733571376,
    "tilt_deg": 0.0,
    "max_saturation": 0.10054063899369707,
    "clamped_signal_fraction": 0.0,
    "overlap_volume_um3": 15.312499999999751,
    "overlap_area_um2": 1.361111111111089,
    "overlap_depth_um": 11.25,
    "central_tir_fraction": 0.0,
    "side_tir_fraction": 0.007307761719729141
  },
  "method_comparison": {},
  "measured": {
    "SM": {
      "od": 3.0,
      "observed_kcps": 2000.0,
      "cps": 2000000000.0,
      "snr": 1.83,
      "contrast": 0.0659,
      "fwhm_mhz": 3.69,
      "sensitivity_nt": 100.0
    },
    "MM": {
      "od": 4.0,
      "observed_kcps": 2000.0,
      "cps": 20000000000.0,
      "snr": 4.2,
      "contrast": 0.0693,
      "fwhm_mhz": 4.52,
      "sensitivity_nt": 29.0
    },
    "MCF": {
      "od": 3.0,
      "observed_kcps": 2000.0,
      "cps": 2000000000.0,
      "snr": 1.98,
      "contrast": 0.081,
      "fwhm_mhz": 3.44,
      "sensitivity_nt": 103.0
    }
  },
  "comparison_normalization": {
    "reference_probe": "measured original MCF",
    "reference_measured_corrected_cps": 2000000000.0,
    "reference_model": "paper_figures.py legacy as-built MCF ensemble checkpoint",
    "reference_model_power_nw": 0.051756581935736595,
    "reference_photon_energy_j": 2.8377797959270407e-19,
    "interpretation": "empirical model-to-experiment normalization; not detector efficiency",
    "reference_model_fiber_photons_s": 182384066.62145135,
    "factor": 10.965870193864662
  },
  "assumptions": {
    "mfd_um": 5.3220408272725,
    "ips_index": 1.52,
    "nv_ppm": 3.0,
    "nv_depth_um": [
      80.0,
      90.0
    ],
    "spectrum_nm": [
      650.0,
      800.0
    ],
    "print_limits_um": [
      300.0,
      300.0,
      300.0
    ],
    "final_depth_points": 33,
    "final_spectral_points": 33,
    "spectral_quadrature": "normalized trapezoidal",
    "spatial_model": "10-um Gaussian core area with uniformly filled full-NA equal-solid-angle rays, traced footprints, and diffraction blur",
    "fiber_na": 0.21,
    "ray_model": "uniform_full_na",
    "optimization_score": "80-90 um volume integral of central 532-nm excitation times summed six-side-core 650-850-nm reciprocal collection",
    "green_fresnel": "included once by trace_full_na",
    "aperture_rule": "cap radius = decenter + scale x beam footprint, scale in [1.0, 1.35]; the fitted and physical apertures therefore coincide",
    "exposure_min": 0.85,
    "exposure_rule": "each cap must be the lowest surface of the printed union over this fraction of its own lit footprint",
    "max_surface_slope": 3.0,
    "max_surface_slope_rule": "tan of the steepest allowed tilt; bounds both TIR loss at the rim and printability",
    "min_polymer_um": 5.0,
    "field_grid_quantum_um": 5.0,
    "field_grid_rule": "integration extent snapped to this ladder so nearby candidates share one mesh",
    "diffraction_angle": "power-weighted RMS cone angle",
    "family_choice": "top candidates re-scored on the final grid before the winner is selected",
    "method_search_quadrature_points": 9
  }
}