{
  "label": "biconic + quadratic",
  "slug": "biconic__quadratic",
  "created": "2026-07-23 00:10:33",
  "sensitivity_nt": 20.037562048933435,
  "normalized_sensitivity_nt": 6.050946733571376,
  "resolution_um": 0.8504350185904732,
  "fwhm_mhz": 3.563986145181659,
  "photons_s": 56724387303.6515,
  "overlap_volume_um3": 15.312499999999751,
  "overlap_area_um2": 1.361111111111089,
  "overlap_depth_um": 11.25,
  "max_saturation": 0.10054063899369707,
  "clamped_signal_fraction": 0.0,
  "central_tir_fraction": 0.0,
  "side_tir_fraction": 0.007307761719729141,
  "central_max_slope": 1.1469016596906134,
  "side_max_slope": 2.041940879792411,
  "parameters": {
    "central_lens_type": "biconic",
    "side_lens_type": "quadratic",
    "air_gap_um": 11.0,
    "central_optical_clearance_um": 11.0,
    "side_optical_clearance_um": 107.99961380754056,
    "central_lit_radius_um": 22.480003029880464,
    "side_lit_radius_um": 8.948927146522964,
    "central_side_overlap_um": -3.5710698235965737,
    "side_side_overlap_um": -15.102145706954072,
    "side_core_offset_um": 2.0,
    "central_height_um": 123.0,
    "side_height_um": 26.0,
    "central_aperture_um": 22.480003029880464,
    "side_aperture_um": 10.948927146522964
  },
  "raytrace_png": "raytrace.png",
  "one_side_stl": "lens_one_side.stl",
  "full_stl": "lens_full_seven_core.stl"
}