{
  "label": "biconic + quadratic",
  "slug": "biconic__quadratic",
  "created": "2026-07-21 20:38:25",
  "sensitivity_nt": 17.355007577097016,
  "normalized_sensitivity_nt": 5.240868432661019,
  "resolution_um": 1.1023648385500189,
  "fwhm_mhz": 3.564208471862873,
  "photons_s": 75624782915.30475,
  "overlap_volume_um3": 63.45703125,
  "overlap_area_um2": 5.640625,
  "overlap_depth_um": 11.25,
  "max_saturation": 0.028590384753856796,
  "clamped_signal_fraction": 0.0,
  "central_tir_fraction": 6.487351750948568e-05,
  "side_tir_fraction": 0.0417530624798401,
  "central_max_slope": 1.3751831907775878,
  "side_max_slope": 1.6329117153609225,
  "parameters": {
    "central_lens_type": "biconic",
    "side_lens_type": "quadratic",
    "air_gap_um": 59.0,
    "central_optical_clearance_um": 59.0,
    "side_optical_clearance_um": 74.00181714882976,
    "central_lit_radius_um": 21.702169046336508,
    "side_lit_radius_um": 19.508012350148412,
    "central_side_overlap_um": 14.21018139648492,
    "side_side_overlap_um": 16.016024700296825,
    "side_core_offset_um": -4.0,
    "central_height_um": 80.0,
    "side_height_um": 65.0,
    "central_aperture_um": 21.702169046336508,
    "side_aperture_um": 23.508012350148412
  },
  "raytrace_png": "raytrace.png",
  "one_side_stl": "lens_one_side.stl",
  "full_stl": "lens_full_seven_core.stl"
}