{
  "central": {
    "family": "asphere",
    "role": "central",
    "center_r": 0.0,
    "angle": 0.0,
    "core_r": 0.0,
    "apex": 78.0,
    "base_z": 162.0,
    "aperture": 22.386731506380084,
    "coef": [
      4.001066622962146e-17,
      1.150952358432037,
      1.150952358432037,
      0.0,
      0.0,
      0.17984693127076232,
      0.17984693127076232,
      0.17984693127076232
    ],
    "shift": -0.0,
    "shape_parameters": {
      "radius_scale": 1.004462366824874,
      "asphere_scale": 1.1498569191462804,
      "radius_x_um": 19.45061525993824,
      "radius_y_um": 19.45061525993824,
      "vertex_tilt_deg": 2.29244231046392e-15
    }
  },
  "side": {
    "family": "quadratic",
    "role": "side",
    "center_r": 42.0,
    "angle": 0.0,
    "core_r": 35.0,
    "apex": 88.0,
    "base_z": 162.0,
    "aperture": 30.945202734891055,
    "coef": [
      0.8419276735869087,
      1.5676118412776807,
      1.5676118412776807,
      0.0,
      0.0,
      0.0,
      0.0,
      0.0
    ],
    "shift": 6.992858333894595,
    "shape_parameters": {
      "tilt_scale": 0.9815201412532006,
      "radius_scale": 1.0367447514407901,
      "radius_x_um": 19.740347654984024,
      "radius_y_um": 19.740347654984024,
      "vertex_tilt_deg": 40.09495366550186
    }
  },
  "parameters": {
    "central_lens_type": "asphere",
    "side_lens_type": "quadratic",
    "air_gap_um": 78.0,
    "central_optical_clearance_um": 78.0,
    "side_optical_clearance_um": 87.9980318968077,
    "central_lit_radius_um": 22.28727749865333,
    "side_lit_radius_um": 20.824506367861268,
    "central_side_overlap_um": 11.331934241271142,
    "side_side_overlap_um": 19.89040546978211,
    "side_core_offset_um": 7.0,
    "central_height_um": 84.0,
    "side_height_um": 74.0,
    "central_aperture_um": 22.386731506380084,
    "side_aperture_um": 30.945202734891055,
    "central_shape": {
      "radius_scale": 1.004462366824874,
      "asphere_scale": 1.1498569191462804,
      "radius_x_um": 19.45061525993824,
      "radius_y_um": 19.45061525993824,
      "vertex_tilt_deg": 2.29244231046392e-15
    },
    "side_shape": {
      "tilt_scale": 0.9815201412532006,
      "radius_scale": 1.0367447514407901,
      "radius_x_um": 19.740347654984024,
      "radius_y_um": 19.740347654984024,
      "vertex_tilt_deg": 40.09495366550186
    }
  },
  "result": {
    "model_fiber_photons_s": 77383027435.82155,
    "comparison_normalized_cps": 848572234069.4869,
    "contrast": 0.081,
    "fwhm_mhz": 3.5647351438080794,
    "resolution_um": 1.5429711394470331,
    "raw_model_sensitivity_nt": 17.159245565543344,
    "comparison_normalized_sensitivity_nt": 5.181752183814213,
    "tilt_deg": 0.0,
    "max_saturation": 0.025242552079654684,
    "clamped_signal_fraction": 0.0,
    "overlap_volume_um3": 70.3125,
    "overlap_area_um2": 6.25,
    "overlap_depth_um": 11.25,
    "central_tir_fraction": 6.487351750948567e-06,
    "side_tir_fraction": 0.011709320139675754
  },
  "method_comparison": {},
  "measured": {
    "SM": {
      "od": 3.0,
      "observed_kcps": 2000.0,
      "cps": 2000000000.0,
      "snr": 1.83,
      "contrast": 0.0659,
      "fwhm_mhz": 3.69,
      "sensitivity_nt": 100.0
    },
    "MM": {
      "od": 4.0,
      "observed_kcps": 2000.0,
      "cps": 20000000000.0,
      "snr": 4.2,
      "contrast": 0.0693,
      "fwhm_mhz": 4.52,
      "sensitivity_nt": 29.0
    },
    "MCF": {
      "od": 3.0,
      "observed_kcps": 2000.0,
      "cps": 2000000000.0,
      "snr": 1.98,
      "contrast": 0.081,
      "fwhm_mhz": 3.44,
      "sensitivity_nt": 103.0
    }
  },
  "comparison_normalization": {
    "reference_probe": "measured original MCF",
    "reference_measured_corrected_cps": 2000000000.0,
    "reference_model": "paper_figures.py legacy as-built MCF ensemble checkpoint",
    "reference_model_power_nw": 0.051756581935736595,
    "reference_photon_energy_j": 2.8377797959270407e-19,
    "interpretation": "empirical model-to-experiment normalization; not detector efficiency",
    "reference_model_fiber_photons_s": 182384066.62145135,
    "factor": 10.965870193864662
  },
  "assumptions": {
    "mfd_um": 10.0,
    "ips_index": 1.52,
    "nv_ppm": 3.0,
    "nv_depth_um": [
      80.0,
      90.0
    ],
    "spectrum_nm": [
      650.0,
      800.0
    ],
    "print_limits_um": [
      300.0,
      300.0,
      300.0
    ],
    "final_depth_points": 33,
    "final_spectral_points": 33,
    "spectral_quadrature": "normalized trapezoidal",
    "spatial_model": "10-um Gaussian core area with uniformly filled full-NA equal-solid-angle rays, traced footprints, and diffraction blur",
    "fiber_na": 0.22,
    "ray_model": "uniform_full_na",
    "optimization_score": "80-90 um volume integral of central 532-nm excitation times summed six-side-core 650-850-nm reciprocal collection",
    "green_fresnel": "included once by trace_full_na",
    "aperture_rule": "cap radius = decenter + scale x beam footprint, scale in [1.0, 1.35]; the fitted and physical apertures therefore coincide",
    "exposure_min": 0.85,
    "exposure_rule": "each cap must be the lowest surface of the printed union over this fraction of its own lit footprint",
    "max_surface_slope": 3.0,
    "max_surface_slope_rule": "tan of the steepest allowed tilt; bounds both TIR loss at the rim and printability",
    "min_polymer_um": 5.0,
    "field_grid_quantum_um": 5.0,
    "field_grid_rule": "integration extent snapped to this ladder so nearby candidates share one mesh",
    "diffraction_angle": "power-weighted RMS cone angle",
    "family_choice": "top candidates re-scored on the final grid before the winner is selected",
    "method_search_quadrature_points": 9
  }
}