{
  "central": {
    "family": "quadratic",
    "role": "central",
    "center_r": 0.0,
    "angle": 0.0,
    "core_r": 0.0,
    "apex": 49.0,
    "base_z": 175.0,
    "aperture": 22.898489912870904,
    "coef": [
      5.676882420408793e-17,
      1.0327513928399545,
      1.0327513928399545,
      0.0,
      0.0,
      0.0,
      0.0,
      0.0
    ],
    "shift": -0.0,
    "shape_parameters": {
      "radius_scale": 1.0,
      "radius_x_um": 22.17231569148751,
      "radius_y_um": 22.17231569148751,
      "vertex_tilt_deg": 3.2526140348143533e-15
    }
  },
  "side": {
    "family": "asphere",
    "role": "side",
    "center_r": 5.0,
    "angle": 0.0,
    "core_r": 35.0,
    "apex": 72.0,
    "base_z": 175.0,
    "aperture": 49.69009047661088,
    "coef": [
      -0.7590989204352591,
      2.2806252136675385,
      2.2806252136675385,
      0.0,
      0.0,
      -0.34591871426428494,
      -0.34591871426428494,
      -0.34591871426428494
    ],
    "shift": 6.325253532037329,
    "shape_parameters": {
      "tilt_scale": 1.0,
      "radius_scale": 0.9868453657064669,
      "asphere_scale": 1.393446591092399,
      "radius_x_um": 21.787924722932807,
      "radius_y_um": 21.787924722932807,
      "vertex_tilt_deg": -37.20209407830269
    }
  },
  "parameters": {
    "central_lens_type": "quadratic",
    "side_lens_type": "asphere",
    "air_gap_um": 49.0,
    "central_optical_clearance_um": 49.0,
    "side_optical_clearance_um": 71.99616630416797,
    "central_lit_radius_um": 22.898489912870904,
    "side_lit_radius_um": 19.690090476610877,
    "central_side_overlap_um": 67.58858038948178,
    "side_side_overlap_um": 94.38018095322175,
    "side_core_offset_um": -30.0,
    "central_height_um": 126.0,
    "side_height_um": 103.0,
    "central_aperture_um": 22.898489912870904,
    "side_aperture_um": 49.69009047661088,
    "central_shape": {
      "radius_scale": 1.0,
      "radius_x_um": 22.17231569148751,
      "radius_y_um": 22.17231569148751,
      "vertex_tilt_deg": 3.2526140348143533e-15
    },
    "side_shape": {
      "tilt_scale": 1.0,
      "radius_scale": 0.9868453657064669,
      "asphere_scale": 1.393446591092399,
      "radius_x_um": 21.787924722932807,
      "radius_y_um": 21.787924722932807,
      "vertex_tilt_deg": -37.20209407830269
    }
  },
  "result": {
    "model_fiber_photons_s": 47853237627.87768,
    "model_excited_rate_s": 6785998898199.061,
    "effective_volume_um3": 23.732649198353545,
    "collection_efficiency": 0.007051760300252549,
    "comparison_normalized_cps": 524752392183.46674,
    "contrast": 0.081,
    "fwhm_mhz": 3.564297985506119,
    "resolution_um": 1.1888205573193413,
    "raw_model_sensitivity_nt": 21.81785855643917,
    "comparison_normalized_sensitivity_nt": 6.588561005735477,
    "tilt_deg": 0.0,
    "max_saturation": 0.06722957623728712,
    "clamped_signal_fraction": 0.0,
    "overlap_volume_um3": 6.911892361110999,
    "overlap_area_um2": 0.7656249999999876,
    "overlap_depth_um": 9.027777777777779,
    "central_tir_fraction": 0.0,
    "side_tir_fraction": 0.02326623387189884
  },
  "method_comparison": {},
  "measured": {
    "SM": {
      "od": 3.0,
      "observed_kcps": 2000.0,
      "cps": 2000000000.0,
      "snr": 1.83,
      "contrast": 0.0659,
      "fwhm_mhz": 3.69,
      "sensitivity_nt": 100.0
    },
    "MM": {
      "od": 4.0,
      "observed_kcps": 2000.0,
      "cps": 20000000000.0,
      "snr": 4.2,
      "contrast": 0.0693,
      "fwhm_mhz": 4.52,
      "sensitivity_nt": 29.0
    },
    "MCF": {
      "od": 3.0,
      "observed_kcps": 2000.0,
      "cps": 2000000000.0,
      "snr": 1.98,
      "contrast": 0.081,
      "fwhm_mhz": 3.44,
      "sensitivity_nt": 103.0
    }
  },
  "comparison_normalization": {
    "reference_probe": "measured original MCF",
    "reference_measured_corrected_cps": 2000000000.0,
    "reference_model": "paper_figures.py legacy as-built MCF ensemble checkpoint",
    "reference_model_power_nw": 0.051756581935736595,
    "reference_photon_energy_j": 2.8377797959270407e-19,
    "interpretation": "empirical model-to-experiment normalization; not detector efficiency",
    "reference_model_fiber_photons_s": 182384066.62145135,
    "factor": 10.965870193864662
  },
  "assumptions": {
    "mfd_um": 5.3220408272725,
    "ips_index": 1.52,
    "nv_ppm": 3.0,
    "nv_depth_um": [
      80.0,
      90.0
    ],
    "spectrum_nm": [
      650.0,
      800.0
    ],
    "print_limits_um": [
      300.0,
      300.0,
      300.0
    ],
    "final_depth_points": 33,
    "final_spectral_points": 33,
    "spectral_quadrature": "normalized trapezoidal",
    "spatial_model": "10-um Gaussian core area with uniformly filled full-NA equal-solid-angle rays, traced footprints, and diffraction blur",
    "fiber_na": 0.21,
    "ray_model": "uniform_full_na",
    "optimization_score": "80-90 um volume integral of central 532-nm excitation times summed six-side-core 650-850-nm reciprocal collection",
    "green_fresnel": "included once by trace_full_na",
    "aperture_rule": "cap radius = decenter + scale x beam footprint, scale in [1.0, 1.35]; the fitted and physical apertures therefore coincide",
    "exposure_min": 0.85,
    "exposure_rule": "each cap must be the lowest surface of the printed union over this fraction of its own lit footprint",
    "max_surface_slope": 3.0,
    "max_surface_slope_rule": "tan of the steepest allowed tilt; bounds both TIR loss at the rim and printability",
    "min_polymer_um": 5.0,
    "field_grid_quantum_um": 5.0,
    "field_grid_rule": "integration extent snapped to this ladder so nearby candidates share one mesh",
    "diffraction_angle": "power-weighted RMS cone angle",
    "family_choice": "top candidates re-scored on the final grid before the winner is selected",
    "method_search_quadrature_points": 9
  }
}