{
  "label": "quadratic + asphere",
  "slug": "quadratic__asphere",
  "created": "2026-07-22 15:04:07",
  "sensitivity_nt": 21.81785855643917,
  "normalized_sensitivity_nt": 6.588561005735477,
  "resolution_um": 1.1888205573193413,
  "fwhm_mhz": 3.564297985506119,
  "photons_s": 47853237627.87768,
  "overlap_volume_um3": 6.911892361110999,
  "overlap_area_um2": 0.7656249999999876,
  "overlap_depth_um": 9.027777777777779,
  "max_saturation": 0.06722957623728712,
  "clamped_signal_fraction": 0.0,
  "central_tir_fraction": 0.0,
  "side_tir_fraction": 0.02326623387189884,
  "central_max_slope": 1.0327513928399545,
  "side_max_slope": 2.6938054198385126,
  "parameters": {
    "central_lens_type": "quadratic",
    "side_lens_type": "asphere",
    "air_gap_um": 49.0,
    "central_optical_clearance_um": 49.0,
    "side_optical_clearance_um": 71.99616630416797,
    "central_lit_radius_um": 22.898489912870904,
    "side_lit_radius_um": 19.690090476610877,
    "central_side_overlap_um": 67.58858038948178,
    "side_side_overlap_um": 94.38018095322175,
    "side_core_offset_um": -30.0,
    "central_height_um": 126.0,
    "side_height_um": 103.0,
    "central_aperture_um": 22.898489912870904,
    "side_aperture_um": 49.69009047661088
  },
  "raytrace_png": "raytrace.png",
  "one_side_stl": "lens_one_side.stl",
  "full_stl": "lens_full_seven_core.stl"
}