{
  "label": "quadratic + asphere",
  "slug": "quadratic__asphere",
  "created": "2026-07-21 13:45:19",
  "sensitivity_nt": 14.16410589842412,
  "normalized_sensitivity_nt": 4.277279347194361,
  "resolution_um": 0.8986590165599248,
  "fwhm_mhz": 3.5640242642140896,
  "photons_s": 113524744693.14595,
  "max_saturation": 0.05912860243817631,
  "clamped_signal_fraction": 0.0,
  "central_tir_fraction": 0.00018164584902655989,
  "side_tir_fraction": 0.07442047666160355,
  "central_max_slope": 1.4435623312983092,
  "side_max_slope": 2.209325991849406,
  "parameters": {
    "central_lens_type": "quadratic",
    "side_lens_type": "asphere",
    "air_gap_um": 28.0,
    "central_optical_clearance_um": 28.0,
    "side_optical_clearance_um": 40.9954930373513,
    "central_lit_radius_um": 22.43355461173254,
    "side_lit_radius_um": 20.53195214170286,
    "central_side_overlap_um": 47.998005979468914,
    "side_side_overlap_um": 66.12890273547275,
    "side_core_offset_um": -20.0,
    "central_height_um": 85.0,
    "side_height_um": 72.0,
    "central_aperture_um": 22.43355461173254,
    "side_aperture_um": 40.564451367736375
  },
  "raytrace_png": "raytrace.png",
  "one_side_stl": "lens_one_side.stl",
  "full_stl": "lens_full_seven_core.stl"
}