{
  "central": {
    "family": "asphere",
    "role": "central",
    "center_r": 0.0,
    "angle": 0.0,
    "core_r": 0.0,
    "apex": 10.0,
    "base_z": 92.0,
    "aperture": 21.994723272494923,
    "coef": [
      6.524933152401592e-17,
      1.6994728016447638,
      1.6994728016447638,
      0.0,
      0.0,
      -0.2498141551543344,
      -0.2498141551543344,
      -0.2498141551543344
    ],
    "shift": -0.0,
    "shape_parameters": {
      "radius_scale": 1.0,
      "asphere_scale": 1.0666745057370424,
      "radius_x_um": 12.942086069990793,
      "radius_y_um": 12.942086069990793,
      "vertex_tilt_deg": 3.738511312376028e-15
    }
  },
  "side": {
    "family": "freeform",
    "role": "side",
    "center_r": 34.0,
    "angle": 0.0,
    "core_r": 35.0,
    "apex": 26.0,
    "base_z": 92.0,
    "aperture": 21.96472949880108,
    "coef": [
      0.7026857109702142,
      0.9944274599518559,
      1.3331597871133196,
      0.06037828133314016,
      -0.03792559351975251,
      0.48186901289339035,
      0.4280072246005203,
      0.27621453078706365
    ],
    "shift": 5.084531966451972,
    "shape_parameters": {
      "tilt_scale": 1.00235006145696,
      "radius_x_scale": 0.9939528613952069,
      "radius_y_scale": 0.9995453818070832,
      "odd_scale": 0.9672295747280484,
      "quartic_scale": 0.7886802440567772,
      "radius_x_um": 22.087814730965373,
      "radius_y_um": 16.475691594599578,
      "vertex_tilt_deg": 35.095165047738355
    }
  },
  "parameters": {
    "central_lens_type": "asphere",
    "side_lens_type": "freeform",
    "air_gap_um": 10.0,
    "central_optical_clearance_um": 10.0,
    "side_optical_clearance_um": 26.00016999230593,
    "central_lit_radius_um": 21.994723272494923,
    "side_lit_radius_um": 19.65428946322762,
    "central_side_overlap_um": 9.959452771296,
    "side_side_overlap_um": 9.929458997602161,
    "side_core_offset_um": -1.0,
    "central_height_um": 82.0,
    "side_height_um": 66.0,
    "central_aperture_um": 21.994723272494923,
    "side_aperture_um": 21.96472949880108,
    "central_shape": {
      "radius_scale": 1.0,
      "asphere_scale": 1.0666745057370424,
      "radius_x_um": 12.942086069990793,
      "radius_y_um": 12.942086069990793,
      "vertex_tilt_deg": 3.738511312376028e-15
    },
    "side_shape": {
      "tilt_scale": 1.00235006145696,
      "radius_x_scale": 0.9939528613952069,
      "radius_y_scale": 0.9995453818070832,
      "odd_scale": 0.9672295747280484,
      "quartic_scale": 0.7886802440567772,
      "radius_x_um": 22.087814730965373,
      "radius_y_um": 16.475691594599578,
      "vertex_tilt_deg": 35.095165047738355
    }
  },
  "result": {
    "model_fiber_photons_s": 236001219798.3684,
    "comparison_normalized_cps": 2587958741902.631,
    "contrast": 0.081,
    "fwhm_mhz": 3.5637876971648175,
    "resolution_um": 0.5330443397061767,
    "raw_model_sensitivity_nt": 9.82309808063392,
    "comparison_normalized_sensitivity_nt": 2.966380994824015,
    "tilt_deg": 0.0,
    "max_saturation": 0.08226129010115048,
    "clamped_signal_fraction": 0.0,
    "overlap_volume_um3": 11.81640625,
    "overlap_area_um2": 1.890625,
    "overlap_depth_um": 6.25,
    "central_tir_fraction": 0.0038793163332100336,
    "side_tir_fraction": 0.14554528439009448
  },
  "method_comparison": {},
  "measured": {
    "SM": {
      "od": 3.0,
      "observed_kcps": 2000.0,
      "cps": 2000000000.0,
      "snr": 1.83,
      "contrast": 0.0659,
      "fwhm_mhz": 3.69,
      "sensitivity_nt": 100.0
    },
    "MM": {
      "od": 4.0,
      "observed_kcps": 2000.0,
      "cps": 20000000000.0,
      "snr": 4.2,
      "contrast": 0.0693,
      "fwhm_mhz": 4.52,
      "sensitivity_nt": 29.0
    },
    "MCF": {
      "od": 3.0,
      "observed_kcps": 2000.0,
      "cps": 2000000000.0,
      "snr": 1.98,
      "contrast": 0.081,
      "fwhm_mhz": 3.44,
      "sensitivity_nt": 103.0
    }
  },
  "comparison_normalization": {
    "reference_probe": "measured original MCF",
    "reference_measured_corrected_cps": 2000000000.0,
    "reference_model": "paper_figures.py legacy as-built MCF ensemble checkpoint",
    "reference_model_power_nw": 0.051756581935736595,
    "reference_photon_energy_j": 2.8377797959270407e-19,
    "interpretation": "empirical model-to-experiment normalization; not detector efficiency",
    "reference_model_fiber_photons_s": 182384066.62145135,
    "factor": 10.965870193864662
  },
  "assumptions": {
    "mfd_um": 10.0,
    "ips_index": 1.52,
    "nv_ppm": 3.0,
    "nv_depth_um": [
      80.0,
      90.0
    ],
    "spectrum_nm": [
      650.0,
      800.0
    ],
    "print_limits_um": [
      300.0,
      300.0,
      300.0
    ],
    "final_depth_points": 33,
    "final_spectral_points": 33,
    "spectral_quadrature": "normalized trapezoidal",
    "spatial_model": "10-um Gaussian core area with uniformly filled full-NA equal-solid-angle rays, traced footprints, and diffraction blur",
    "fiber_na": 0.22,
    "ray_model": "uniform_full_na",
    "optimization_score": "80-90 um volume integral of central 532-nm excitation times summed six-side-core 650-850-nm reciprocal collection",
    "green_fresnel": "included once by trace_full_na",
    "aperture_rule": "cap radius = decenter + scale x beam footprint, scale in [1.0, 1.35]; the fitted and physical apertures therefore coincide",
    "exposure_min": 0.85,
    "exposure_rule": "each cap must be the lowest surface of the printed union over this fraction of its own lit footprint",
    "max_surface_slope": 3.0,
    "max_surface_slope_rule": "tan of the steepest allowed tilt; bounds both TIR loss at the rim and printability",
    "min_polymer_um": 5.0,
    "field_grid_quantum_um": 5.0,
    "field_grid_rule": "integration extent snapped to this ladder so nearby candidates share one mesh",
    "diffraction_angle": "power-weighted RMS cone angle",
    "family_choice": "top candidates re-scored on the final grid before the winner is selected",
    "method_search_quadrature_points": 9
  }
}