{
  "central": {
    "family": "asphere",
    "role": "central",
    "center_r": 0.0,
    "angle": 0.0,
    "core_r": 0.0,
    "apex": 12.0,
    "base_z": 132.0,
    "aperture": 22.061516146890025,
    "coef": [
      5.460891699663204e-17,
      1.3956308571232223,
      1.3956308571232223,
      0.0,
      0.0,
      -0.25275643612827153,
      -0.25275643612827153,
      -0.25275643612827153
    ],
    "shift": -0.0,
    "shape_parameters": {
      "radius_scale": 1.0,
      "asphere_scale": 1.0486183733591723,
      "radius_x_um": 15.807558305471158,
      "radius_y_um": 15.807558305471158,
      "vertex_tilt_deg": 3.1288604676872433e-15
    }
  },
  "side": {
    "family": "freeform",
    "role": "side",
    "center_r": 32.0,
    "angle": 0.0,
    "core_r": 35.0,
    "apex": 100.0,
    "base_z": 132.0,
    "aperture": 13.261675496723818,
    "coef": [
      0.16407652581137772,
      1.2867043995437626,
      1.3477914748681261,
      -0.16218348461369772,
      -0.04701006636294246,
      0.6110358756692251,
      0.5723055273957312,
      0.5318865909192255
    ],
    "shift": 0.13678496228650297,
    "shape_parameters": {
      "tilt_scale": 0.9942210419970865,
      "radius_x_scale": 0.990876408752601,
      "radius_y_scale": 0.9929831266372147,
      "odd_scale": 0.8580848057112769,
      "quartic_scale": 0.822268458870718,
      "radius_x_um": 10.306699426399817,
      "radius_y_um": 9.839560305885893,
      "vertex_tilt_deg": 9.317868623493924
    }
  },
  "parameters": {
    "central_lens_type": "asphere",
    "side_lens_type": "freeform",
    "air_gap_um": 12.0,
    "central_optical_clearance_um": 12.0,
    "side_optical_clearance_um": 100.0029538402569,
    "central_lit_radius_um": 22.061516146890025,
    "side_lit_radius_um": 9.785900912503841,
    "central_side_overlap_um": 3.323191643613839,
    "side_side_overlap_um": -5.476649006552364,
    "side_core_offset_um": -3.0,
    "central_height_um": 120.0,
    "side_height_um": 32.0,
    "central_aperture_um": 22.061516146890025,
    "side_aperture_um": 13.261675496723818,
    "central_shape": {
      "radius_scale": 1.0,
      "asphere_scale": 1.0486183733591723,
      "radius_x_um": 15.807558305471158,
      "radius_y_um": 15.807558305471158,
      "vertex_tilt_deg": 3.1288604676872433e-15
    },
    "side_shape": {
      "tilt_scale": 0.9942210419970865,
      "radius_x_scale": 0.990876408752601,
      "radius_y_scale": 0.9929831266372147,
      "odd_scale": 0.8580848057112769,
      "quartic_scale": 0.822268458870718,
      "radius_x_um": 10.306699426399817,
      "radius_y_um": 9.839560305885893,
      "vertex_tilt_deg": 9.317868623493924
    }
  },
  "result": {
    "model_fiber_photons_s": 94196669830.31064,
    "model_excited_rate_s": 6547107522492.161,
    "effective_volume_um3": 13.568226213365232,
    "collection_efficiency": 0.014387524491801015,
    "comparison_normalized_cps": 1032948454053.514,
    "contrast": 0.081,
    "fwhm_mhz": 3.5637742025018926,
    "resolution_um": 0.5042595398656794,
    "raw_model_sensitivity_nt": 15.54841719324986,
    "comparison_normalized_sensitivity_nt": 4.69531393080368,
    "tilt_deg": 0.0,
    "max_saturation": 0.10835985027561246,
    "clamped_signal_fraction": 0.9820689082485252,
    "overlap_volume_um3": 11.07421875,
    "overlap_area_um2": 1.265625,
    "overlap_depth_um": 8.75,
    "central_tir_fraction": 0.0,
    "side_tir_fraction": 0.01319098327404952
  },
  "method_comparison": {},
  "measured": {
    "SM": {
      "od": 3.0,
      "observed_kcps": 2000.0,
      "cps": 2000000000.0,
      "snr": 1.83,
      "contrast": 0.0659,
      "fwhm_mhz": 3.69,
      "sensitivity_nt": 100.0
    },
    "MM": {
      "od": 4.0,
      "observed_kcps": 2000.0,
      "cps": 20000000000.0,
      "snr": 4.2,
      "contrast": 0.0693,
      "fwhm_mhz": 4.52,
      "sensitivity_nt": 29.0
    },
    "MCF": {
      "od": 3.0,
      "observed_kcps": 2000.0,
      "cps": 2000000000.0,
      "snr": 1.98,
      "contrast": 0.081,
      "fwhm_mhz": 3.44,
      "sensitivity_nt": 103.0
    }
  },
  "comparison_normalization": {
    "reference_probe": "measured original MCF",
    "reference_measured_corrected_cps": 2000000000.0,
    "reference_model": "paper_figures.py legacy as-built MCF ensemble checkpoint",
    "reference_model_power_nw": 0.051756581935736595,
    "reference_photon_energy_j": 2.8377797959270407e-19,
    "interpretation": "empirical model-to-experiment normalization; not detector efficiency",
    "reference_model_fiber_photons_s": 182384066.62145135,
    "factor": 10.965870193864662
  },
  "assumptions": {
    "mfd_um": 5.3220408272725,
    "ips_index": 1.52,
    "nv_ppm": 3.0,
    "nv_depth_um": [
      80.0,
      90.0
    ],
    "spectrum_nm": [
      650.0,
      800.0
    ],
    "print_limits_um": [
      300.0,
      300.0,
      300.0
    ],
    "final_depth_points": 33,
    "final_spectral_points": 33,
    "spectral_quadrature": "normalized trapezoidal",
    "spatial_model": "10-um Gaussian core area with uniformly filled full-NA equal-solid-angle rays, traced footprints, and diffraction blur",
    "fiber_na": 0.21,
    "ray_model": "uniform_full_na",
    "optimization_score": "80-90 um volume integral of central 532-nm excitation times summed six-side-core 650-850-nm reciprocal collection",
    "green_fresnel": "included once by trace_full_na",
    "aperture_rule": "cap radius = decenter + scale x beam footprint, scale in [1.0, 1.35]; the fitted and physical apertures therefore coincide",
    "exposure_min": 0.85,
    "exposure_rule": "each cap must be the lowest surface of the printed union over this fraction of its own lit footprint",
    "max_surface_slope": 3.0,
    "max_surface_slope_rule": "tan of the steepest allowed tilt; bounds both TIR loss at the rim and printability",
    "min_polymer_um": 5.0,
    "field_grid_quantum_um": 5.0,
    "field_grid_rule": "integration extent snapped to this ladder so nearby candidates share one mesh",
    "diffraction_angle": "power-weighted RMS cone angle",
    "family_choice": "top candidates re-scored on the final grid before the winner is selected",
    "method_search_quadrature_points": 9
  }
}