{
  "label": "asphere + freeform",
  "slug": "asphere__freeform",
  "created": "2026-07-22 22:39:14",
  "sensitivity_nt": 15.54841719324986,
  "normalized_sensitivity_nt": 4.69531393080368,
  "resolution_um": 0.5042595398656794,
  "fwhm_mhz": 3.5637742025018926,
  "photons_s": 94196669830.31064,
  "overlap_volume_um3": 11.07421875,
  "overlap_area_um2": 1.265625,
  "overlap_depth_um": 8.75,
  "max_saturation": 0.10835985027561246,
  "clamped_signal_fraction": 0.9820689082485252,
  "central_tir_fraction": 0.0,
  "side_tir_fraction": 0.01319098327404952,
  "central_max_slope": 1.1428744209949508,
  "side_max_slope": 1.8999364452647338,
  "parameters": {
    "central_lens_type": "asphere",
    "side_lens_type": "freeform",
    "air_gap_um": 12.0,
    "central_optical_clearance_um": 12.0,
    "side_optical_clearance_um": 100.0029538402569,
    "central_lit_radius_um": 22.061516146890025,
    "side_lit_radius_um": 9.785900912503841,
    "central_side_overlap_um": 3.323191643613839,
    "side_side_overlap_um": -5.476649006552364,
    "side_core_offset_um": -3.0,
    "central_height_um": 120.0,
    "side_height_um": 32.0,
    "central_aperture_um": 22.061516146890025,
    "side_aperture_um": 13.261675496723818
  },
  "raytrace_png": "raytrace.png",
  "one_side_stl": "lens_one_side.stl",
  "full_stl": "lens_full_seven_core.stl"
}