{
  "central": {
    "family": "asphere",
    "role": "central",
    "center_r": 0.0,
    "angle": 0.0,
    "core_r": 0.0,
    "apex": 15.0,
    "base_z": 85.0,
    "aperture": 20.239397915544444,
    "coef": [
      4.081485202257031e-17,
      1.6112870599240887,
      1.6112870599240887,
      0.0,
      0.0,
      -0.044583247219341385,
      -0.044583247219341385,
      -0.044583247219341385
    ],
    "shift": -0.0,
    "shape_parameters": {
      "radius_scale": 1.0,
      "asphere_scale": 1.3,
      "radius_x_um": 12.561013129775874,
      "radius_y_um": 12.561013129775874,
      "vertex_tilt_deg": 2.3385187623442708e-15
    }
  },
  "side": {
    "family": "biconic",
    "role": "side",
    "center_r": 32.0,
    "angle": 0.0,
    "core_r": 35.0,
    "apex": 27.0,
    "base_z": 85.0,
    "aperture": 27.02929432617216,
    "coef": [
      0.590170590518234,
      1.386318647757998,
      1.7868560911388223,
      0.0,
      0.0,
      0.7585166307412824,
      0.7585166307412824,
      0.7585166307412824
    ],
    "shift": 3.2518467734112595,
    "shape_parameters": {
      "tilt_scale": 1.0112003934107356,
      "radius_x_scale": 1.0063684202336973,
      "radius_y_scale": 0.9970788501705602,
      "asphere_scale": 0.6972495892847976,
      "radius_x_um": 19.497172868506716,
      "radius_y_um": 15.126732622852408,
      "vertex_tilt_deg": 30.547854598952238
    }
  },
  "parameters": {
    "central_lens_type": "asphere",
    "side_lens_type": "biconic",
    "air_gap_um": 15.0,
    "central_optical_clearance_um": 15.0,
    "side_optical_clearance_um": 27.000747734308227,
    "central_lit_radius_um": 20.239397915544444,
    "side_lit_radius_um": 18.48407255859397,
    "central_side_overlap_um": 15.268692241716607,
    "side_side_overlap_um": 22.05858865234432,
    "side_core_offset_um": -3.0,
    "central_height_um": 70.0,
    "side_height_um": 58.0,
    "central_aperture_um": 20.239397915544444,
    "side_aperture_um": 27.02929432617216,
    "central_shape": {
      "radius_scale": 1.0,
      "asphere_scale": 1.3,
      "radius_x_um": 12.561013129775874,
      "radius_y_um": 12.561013129775874,
      "vertex_tilt_deg": 2.3385187623442708e-15
    },
    "side_shape": {
      "tilt_scale": 1.0112003934107356,
      "radius_x_scale": 1.0063684202336973,
      "radius_y_scale": 0.9970788501705602,
      "asphere_scale": 0.6972495892847976,
      "radius_x_um": 19.497172868506716,
      "radius_y_um": 15.126732622852408,
      "vertex_tilt_deg": 30.547854598952238
    }
  },
  "result": {
    "model_fiber_photons_s": 205761994465.1365,
    "comparison_normalized_cps": 2256359322135.3857,
    "contrast": 0.081,
    "fwhm_mhz": 3.5637977917409205,
    "resolution_um": 0.5535989708665735,
    "raw_model_sensitivity_nt": 10.520206240385349,
    "comparison_normalized_sensitivity_nt": 3.1768938472305472,
    "tilt_deg": 0.0,
    "max_saturation": 0.07047953781442959,
    "clamped_signal_fraction": 0.0,
    "overlap_volume_um3": 16.875,
    "overlap_area_um2": 2.25,
    "overlap_depth_um": 7.5,
    "central_tir_fraction": 0.005341517412330957,
    "side_tir_fraction": 0.15017621225742342
  },
  "method_comparison": {},
  "measured": {
    "SM": {
      "od": 3.0,
      "observed_kcps": 2000.0,
      "cps": 2000000000.0,
      "snr": 1.83,
      "contrast": 0.0659,
      "fwhm_mhz": 3.69,
      "sensitivity_nt": 100.0
    },
    "MM": {
      "od": 4.0,
      "observed_kcps": 2000.0,
      "cps": 20000000000.0,
      "snr": 4.2,
      "contrast": 0.0693,
      "fwhm_mhz": 4.52,
      "sensitivity_nt": 29.0
    },
    "MCF": {
      "od": 3.0,
      "observed_kcps": 2000.0,
      "cps": 2000000000.0,
      "snr": 1.98,
      "contrast": 0.081,
      "fwhm_mhz": 3.44,
      "sensitivity_nt": 103.0
    }
  },
  "comparison_normalization": {
    "reference_probe": "measured original MCF",
    "reference_measured_corrected_cps": 2000000000.0,
    "reference_model": "paper_figures.py legacy as-built MCF ensemble checkpoint",
    "reference_model_power_nw": 0.051756581935736595,
    "reference_photon_energy_j": 2.8377797959270407e-19,
    "interpretation": "empirical model-to-experiment normalization; not detector efficiency",
    "reference_model_fiber_photons_s": 182384066.62145135,
    "factor": 10.965870193864662
  },
  "assumptions": {
    "mfd_um": 10.0,
    "ips_index": 1.52,
    "nv_ppm": 3.0,
    "nv_depth_um": [
      80.0,
      90.0
    ],
    "spectrum_nm": [
      650.0,
      800.0
    ],
    "print_limits_um": [
      300.0,
      300.0,
      300.0
    ],
    "final_depth_points": 33,
    "final_spectral_points": 33,
    "spectral_quadrature": "normalized trapezoidal",
    "spatial_model": "10-um Gaussian core area with uniformly filled full-NA equal-solid-angle rays, traced footprints, and diffraction blur",
    "fiber_na": 0.22,
    "ray_model": "uniform_full_na",
    "optimization_score": "80-90 um volume integral of central 532-nm excitation times summed six-side-core 650-850-nm reciprocal collection",
    "green_fresnel": "included once by trace_full_na",
    "aperture_rule": "cap radius = decenter + scale x beam footprint, scale in [1.0, 1.35]; the fitted and physical apertures therefore coincide",
    "exposure_min": 0.85,
    "exposure_rule": "each cap must be the lowest surface of the printed union over this fraction of its own lit footprint",
    "max_surface_slope": 3.0,
    "max_surface_slope_rule": "tan of the steepest allowed tilt; bounds both TIR loss at the rim and printability",
    "min_polymer_um": 5.0,
    "field_grid_quantum_um": 5.0,
    "field_grid_rule": "integration extent snapped to this ladder so nearby candidates share one mesh",
    "diffraction_angle": "power-weighted RMS cone angle",
    "family_choice": "top candidates re-scored on the final grid before the winner is selected",
    "method_search_quadrature_points": 9
  }
}