{
  "central": {
    "family": "asphere",
    "role": "central",
    "center_r": 0.0,
    "angle": 0.0,
    "core_r": 0.0,
    "apex": 7.0,
    "base_z": 140.0,
    "aperture": 23.874959306515258,
    "coef": [
      5.587588429905245e-17,
      1.5314731367328476,
      1.5314731367328476,
      0.0,
      0.0,
      -0.38810196249356294,
      -0.38810196249356294,
      -0.38810196249356294
    ],
    "shift": -0.0,
    "shape_parameters": {
      "radius_scale": 1.0,
      "asphere_scale": 1.0633492737651036,
      "radius_x_um": 15.589538421449989,
      "radius_y_um": 15.589538421449989,
      "vertex_tilt_deg": 3.2014523468970077e-15
    }
  },
  "side": {
    "family": "biconic",
    "role": "side",
    "center_r": 34.0,
    "angle": 0.0,
    "core_r": 35.0,
    "apex": 65.0,
    "base_z": 140.0,
    "aperture": 17.78413132633105,
    "coef": [
      0.5169660455748972,
      0.8245930537291454,
      0.929988619167768,
      0.0,
      0.0,
      0.16221235860347488,
      0.16221235860347488,
      0.16221235860347488
    ],
    "shift": 2.7833403578228304,
    "shape_parameters": {
      "tilt_scale": 1.0000061100567967,
      "radius_x_scale": 1.007485905554625,
      "radius_y_scale": 1.0053594248555535,
      "asphere_scale": 1.0722866204463686,
      "radius_x_um": 21.56716121473977,
      "radius_y_um": 19.12295587256303,
      "vertex_tilt_deg": 27.337428638149078
    }
  },
  "parameters": {
    "central_lens_type": "asphere",
    "side_lens_type": "biconic",
    "air_gap_um": 7.0,
    "central_optical_clearance_um": 7.0,
    "side_optical_clearance_um": 65.00298649210968,
    "central_lit_radius_um": 23.874959306515258,
    "side_lit_radius_um": 15.784212902033453,
    "central_side_overlap_um": 7.659090632846308,
    "side_side_overlap_um": 1.5682626526620993,
    "side_core_offset_um": -1.0,
    "central_height_um": 133.0,
    "side_height_um": 75.0,
    "central_aperture_um": 23.874959306515258,
    "side_aperture_um": 17.78413132633105,
    "central_shape": {
      "radius_scale": 1.0,
      "asphere_scale": 1.0633492737651036,
      "radius_x_um": 15.589538421449989,
      "radius_y_um": 15.589538421449989,
      "vertex_tilt_deg": 3.2014523468970077e-15
    },
    "side_shape": {
      "tilt_scale": 1.0000061100567967,
      "radius_x_scale": 1.007485905554625,
      "radius_y_scale": 1.0053594248555535,
      "asphere_scale": 1.0722866204463686,
      "radius_x_um": 21.56716121473977,
      "radius_y_um": 19.12295587256303,
      "vertex_tilt_deg": 27.337428638149078
    }
  },
  "result": {
    "model_fiber_photons_s": 84903222152.67307,
    "model_excited_rate_s": 6479254430164.055,
    "effective_volume_um3": 14.455114667977524,
    "collection_efficiency": 0.013103856789047767,
    "comparison_normalized_cps": 931037713167.0674,
    "contrast": 0.081,
    "fwhm_mhz": 3.5639836266829414,
    "resolution_um": 0.8471522395350503,
    "raw_model_sensitivity_nt": 16.378246152169407,
    "comparison_normalized_sensitivity_nt": 4.9459058349552345,
    "tilt_deg": 0.0,
    "max_saturation": 0.17798036590894775,
    "clamped_signal_fraction": 0.7896322923989568,
    "overlap_volume_um3": 3.03819444444441,
    "overlap_area_um2": 0.8680555555555457,
    "overlap_depth_um": 3.5,
    "central_tir_fraction": 0.0,
    "side_tir_fraction": 0.005098653927186583
  },
  "method_comparison": {},
  "measured": {
    "SM": {
      "od": 3.0,
      "observed_kcps": 2000.0,
      "cps": 2000000000.0,
      "snr": 1.83,
      "contrast": 0.0659,
      "fwhm_mhz": 3.69,
      "sensitivity_nt": 100.0
    },
    "MM": {
      "od": 4.0,
      "observed_kcps": 2000.0,
      "cps": 20000000000.0,
      "snr": 4.2,
      "contrast": 0.0693,
      "fwhm_mhz": 4.52,
      "sensitivity_nt": 29.0
    },
    "MCF": {
      "od": 3.0,
      "observed_kcps": 2000.0,
      "cps": 2000000000.0,
      "snr": 1.98,
      "contrast": 0.081,
      "fwhm_mhz": 3.44,
      "sensitivity_nt": 103.0
    }
  },
  "comparison_normalization": {
    "reference_probe": "measured original MCF",
    "reference_measured_corrected_cps": 2000000000.0,
    "reference_model": "paper_figures.py legacy as-built MCF ensemble checkpoint",
    "reference_model_power_nw": 0.051756581935736595,
    "reference_photon_energy_j": 2.8377797959270407e-19,
    "interpretation": "empirical model-to-experiment normalization; not detector efficiency",
    "reference_model_fiber_photons_s": 182384066.62145135,
    "factor": 10.965870193864662
  },
  "assumptions": {
    "mfd_um": 5.3220408272725,
    "ips_index": 1.52,
    "nv_ppm": 3.0,
    "nv_depth_um": [
      80.0,
      90.0
    ],
    "spectrum_nm": [
      650.0,
      800.0
    ],
    "print_limits_um": [
      300.0,
      300.0,
      300.0
    ],
    "final_depth_points": 33,
    "final_spectral_points": 33,
    "spectral_quadrature": "normalized trapezoidal",
    "spatial_model": "10-um Gaussian core area with uniformly filled full-NA equal-solid-angle rays, traced footprints, and diffraction blur",
    "fiber_na": 0.21,
    "ray_model": "uniform_full_na",
    "optimization_score": "80-90 um volume integral of central 532-nm excitation times summed six-side-core 650-850-nm reciprocal collection",
    "green_fresnel": "included once by trace_full_na",
    "aperture_rule": "cap radius = decenter + scale x beam footprint, scale in [1.0, 1.35]; the fitted and physical apertures therefore coincide",
    "exposure_min": 0.85,
    "exposure_rule": "each cap must be the lowest surface of the printed union over this fraction of its own lit footprint",
    "max_surface_slope": 3.0,
    "max_surface_slope_rule": "tan of the steepest allowed tilt; bounds both TIR loss at the rim and printability",
    "min_polymer_um": 5.0,
    "field_grid_quantum_um": 5.0,
    "field_grid_rule": "integration extent snapped to this ladder so nearby candidates share one mesh",
    "diffraction_angle": "power-weighted RMS cone angle",
    "family_choice": "top candidates re-scored on the final grid before the winner is selected",
    "method_search_quadrature_points": 9
  }
}