{
  "label": "asphere + biconic",
  "slug": "asphere__biconic",
  "created": "2026-07-22 21:21:10",
  "sensitivity_nt": 16.378246152169407,
  "normalized_sensitivity_nt": 4.9459058349552345,
  "resolution_um": 0.8471522395350503,
  "fwhm_mhz": 3.5639836266829414,
  "photons_s": 84903222152.67307,
  "overlap_volume_um3": 3.03819444444441,
  "overlap_area_um2": 0.8680555555555457,
  "overlap_depth_um": 3.5,
  "max_saturation": 0.17798036590894775,
  "clamped_signal_fraction": 0.7896322923989568,
  "central_tir_fraction": 0.0,
  "side_tir_fraction": 0.005098653927186583,
  "central_max_slope": 1.1433711742392847,
  "side_max_slope": 1.5037714579075174,
  "parameters": {
    "central_lens_type": "asphere",
    "side_lens_type": "biconic",
    "air_gap_um": 7.0,
    "central_optical_clearance_um": 7.0,
    "side_optical_clearance_um": 65.00298649210968,
    "central_lit_radius_um": 23.874959306515258,
    "side_lit_radius_um": 15.784212902033453,
    "central_side_overlap_um": 7.659090632846308,
    "side_side_overlap_um": 1.5682626526620993,
    "side_core_offset_um": -1.0,
    "central_height_um": 133.0,
    "side_height_um": 75.0,
    "central_aperture_um": 23.874959306515258,
    "side_aperture_um": 17.78413132633105
  },
  "raytrace_png": "raytrace.png",
  "one_side_stl": "lens_one_side.stl",
  "full_stl": "lens_full_seven_core.stl"
}