{
  "central": {
    "family": "biconic",
    "role": "central",
    "center_r": 0.0,
    "angle": 0.0,
    "core_r": 0.0,
    "apex": 11.0,
    "base_z": 89.0,
    "aperture": 21.409614820178096,
    "coef": [
      6.008839761277705e-17,
      1.677284712977239,
      1.6772847129772366,
      0.0,
      0.0,
      -0.16602240354920428,
      -0.16602240354920428,
      -0.16602240354920428
    ],
    "shift": -0.0,
    "shape_parameters": {
      "radius_x_scale": 1.0,
      "radius_y_scale": 1.0,
      "asphere_scale": 0.9319092366010768,
      "radius_x_um": 12.764448787096665,
      "radius_y_um": 12.764448787096683,
      "vertex_tilt_deg": 3.4428115809160956e-15
    }
  },
  "side": {
    "family": "biconic",
    "role": "side",
    "center_r": 30.0,
    "angle": 0.0,
    "core_r": 35.0,
    "apex": 25.0,
    "base_z": 89.0,
    "aperture": 24.361735237069205,
    "coef": [
      0.5194324570286728,
      1.1187880943311663,
      1.5003118988908106,
      0.0,
      0.0,
      0.3174243064674005,
      0.3174243064674005,
      0.3174243064674005
    ],
    "shift": 2.8555173343580913,
    "shape_parameters": {
      "tilt_scale": 1.0263043520078605,
      "radius_x_scale": 1.0384477821168043,
      "radius_y_scale": 1.0168943277012648,
      "asphere_scale": 0.9259470249640364,
      "radius_x_um": 21.775111265939177,
      "radius_y_um": 16.237780460902815,
      "vertex_tilt_deg": 27.44882916197899
    }
  },
  "parameters": {
    "central_lens_type": "biconic",
    "side_lens_type": "biconic",
    "air_gap_um": 11.0,
    "central_optical_clearance_um": 11.0,
    "side_optical_clearance_um": 24.999878234097647,
    "central_lit_radius_um": 21.409614820178096,
    "side_lit_radius_um": 19.361735237069205,
    "central_side_overlap_um": 15.771350057247304,
    "side_side_overlap_um": 18.72347047413841,
    "side_core_offset_um": -5.0,
    "central_height_um": 78.0,
    "side_height_um": 64.0,
    "central_aperture_um": 21.409614820178096,
    "side_aperture_um": 24.361735237069205,
    "central_shape": {
      "radius_x_scale": 1.0,
      "radius_y_scale": 1.0,
      "asphere_scale": 0.9319092366010768,
      "radius_x_um": 12.764448787096665,
      "radius_y_um": 12.764448787096683,
      "vertex_tilt_deg": 3.4428115809160956e-15
    },
    "side_shape": {
      "tilt_scale": 1.0263043520078605,
      "radius_x_scale": 1.0384477821168043,
      "radius_y_scale": 1.0168943277012648,
      "asphere_scale": 0.9259470249640364,
      "radius_x_um": 21.775111265939177,
      "radius_y_um": 16.237780460902815,
      "vertex_tilt_deg": 27.44882916197899
    }
  },
  "result": {
    "model_fiber_photons_s": 203015381144.95096,
    "comparison_normalized_cps": 2226240316993.4917,
    "contrast": 0.081,
    "fwhm_mhz": 3.5638266467945723,
    "resolution_um": 0.6085373445623746,
    "raw_model_sensitivity_nt": 10.591217318326319,
    "comparison_normalized_sensitivity_nt": 3.1983377858227255,
    "tilt_deg": 0.0,
    "max_saturation": 0.0806196939509128,
    "clamped_signal_fraction": 0.0,
    "overlap_volume_um3": 14.1796875,
    "overlap_area_um2": 1.890625,
    "overlap_depth_um": 7.5,
    "central_tir_fraction": 0.005322055357078112,
    "side_tir_fraction": 0.1472015866874837
  },
  "method_comparison": {},
  "measured": {
    "SM": {
      "od": 3.0,
      "observed_kcps": 2000.0,
      "cps": 2000000000.0,
      "snr": 1.83,
      "contrast": 0.0659,
      "fwhm_mhz": 3.69,
      "sensitivity_nt": 100.0
    },
    "MM": {
      "od": 4.0,
      "observed_kcps": 2000.0,
      "cps": 20000000000.0,
      "snr": 4.2,
      "contrast": 0.0693,
      "fwhm_mhz": 4.52,
      "sensitivity_nt": 29.0
    },
    "MCF": {
      "od": 3.0,
      "observed_kcps": 2000.0,
      "cps": 2000000000.0,
      "snr": 1.98,
      "contrast": 0.081,
      "fwhm_mhz": 3.44,
      "sensitivity_nt": 103.0
    }
  },
  "comparison_normalization": {
    "reference_probe": "measured original MCF",
    "reference_measured_corrected_cps": 2000000000.0,
    "reference_model": "paper_figures.py legacy as-built MCF ensemble checkpoint",
    "reference_model_power_nw": 0.051756581935736595,
    "reference_photon_energy_j": 2.8377797959270407e-19,
    "interpretation": "empirical model-to-experiment normalization; not detector efficiency",
    "reference_model_fiber_photons_s": 182384066.62145135,
    "factor": 10.965870193864662
  },
  "assumptions": {
    "mfd_um": 10.0,
    "ips_index": 1.52,
    "nv_ppm": 3.0,
    "nv_depth_um": [
      80.0,
      90.0
    ],
    "spectrum_nm": [
      650.0,
      800.0
    ],
    "print_limits_um": [
      300.0,
      300.0,
      300.0
    ],
    "final_depth_points": 33,
    "final_spectral_points": 33,
    "spectral_quadrature": "normalized trapezoidal",
    "spatial_model": "10-um Gaussian core area with uniformly filled full-NA equal-solid-angle rays, traced footprints, and diffraction blur",
    "fiber_na": 0.22,
    "ray_model": "uniform_full_na",
    "optimization_score": "80-90 um volume integral of central 532-nm excitation times summed six-side-core 650-850-nm reciprocal collection",
    "green_fresnel": "included once by trace_full_na",
    "aperture_rule": "cap radius = decenter + scale x beam footprint, scale in [1.0, 1.35]; the fitted and physical apertures therefore coincide",
    "exposure_min": 0.85,
    "exposure_rule": "each cap must be the lowest surface of the printed union over this fraction of its own lit footprint",
    "max_surface_slope": 3.0,
    "max_surface_slope_rule": "tan of the steepest allowed tilt; bounds both TIR loss at the rim and printability",
    "min_polymer_um": 5.0,
    "field_grid_quantum_um": 5.0,
    "field_grid_rule": "integration extent snapped to this ladder so nearby candidates share one mesh",
    "diffraction_angle": "power-weighted RMS cone angle",
    "family_choice": "top candidates re-scored on the final grid before the winner is selected",
    "method_search_quadrature_points": 9
  }
}