{
  "central": {
    "family": "biconic",
    "role": "central",
    "center_r": 0.0,
    "angle": 0.0,
    "core_r": 0.0,
    "apex": 5.0,
    "base_z": 133.0,
    "aperture": 23.17748116819786,
    "coef": [
      8.133159582959055e-17,
      1.5541479903384794,
      1.5541479903384772,
      0.0,
      0.0,
      -0.40979379878369404,
      -0.40979379878369404,
      -0.40979379878369404
    ],
    "shift": -0.0,
    "shape_parameters": {
      "radius_x_scale": 1.0,
      "radius_y_scale": 1.0,
      "asphere_scale": 1.071440921280355,
      "radius_x_um": 14.91330382452833,
      "radius_y_um": 14.91330382452835,
      "vertex_tilt_deg": 4.659957182099346e-15
    }
  },
  "side": {
    "family": "biconic",
    "role": "side",
    "center_r": 27.0,
    "angle": 0.0,
    "core_r": 35.0,
    "apex": 69.0,
    "base_z": 133.0,
    "aperture": 22.24976099773518,
    "coef": [
      0.12406022705565978,
      1.16049370593493,
      1.328880584937582,
      0.0,
      0.0,
      0.1316885804481224,
      0.1316885804481224,
      0.1316885804481224
    ],
    "shift": 0.14685425116315057,
    "shape_parameters": {
      "tilt_scale": 1.0562218356693949,
      "radius_x_scale": 1.0162395952799201,
      "radius_y_scale": 1.005559783453576,
      "asphere_scale": 0.9668634676242525,
      "radius_x_um": 19.172668394448618,
      "radius_y_um": 16.74323581059788,
      "vertex_tilt_deg": 7.071993592757375
    }
  },
  "parameters": {
    "central_lens_type": "biconic",
    "side_lens_type": "biconic",
    "air_gap_um": 5.0,
    "central_optical_clearance_um": 5.0,
    "side_optical_clearance_um": 69.00195352164825,
    "central_lit_radius_um": 23.17748116819786,
    "side_lit_radius_um": 14.24976099773518,
    "central_side_overlap_um": 18.427242165933038,
    "side_side_overlap_um": 17.49952199547036,
    "side_core_offset_um": -8.0,
    "central_height_um": 128.0,
    "side_height_um": 64.0,
    "central_aperture_um": 23.17748116819786,
    "side_aperture_um": 22.24976099773518,
    "central_shape": {
      "radius_x_scale": 1.0,
      "radius_y_scale": 1.0,
      "asphere_scale": 1.071440921280355,
      "radius_x_um": 14.91330382452833,
      "radius_y_um": 14.91330382452835,
      "vertex_tilt_deg": 4.659957182099346e-15
    },
    "side_shape": {
      "tilt_scale": 1.0562218356693949,
      "radius_x_scale": 1.0162395952799201,
      "radius_y_scale": 1.005559783453576,
      "asphere_scale": 0.9668634676242525,
      "radius_x_um": 19.172668394448618,
      "radius_y_um": 16.74323581059788,
      "vertex_tilt_deg": 7.071993592757375
    }
  },
  "result": {
    "model_fiber_photons_s": 79307463156.22342,
    "model_excited_rate_s": 6475022407609.005,
    "effective_volume_um3": 14.43827798039517,
    "collection_efficiency": 0.012248214471509271,
    "comparison_normalized_cps": 869675346375.8502,
    "contrast": 0.081,
    "fwhm_mhz": 3.564008703043427,
    "resolution_um": 0.879292197153752,
    "raw_model_sensitivity_nt": 16.946324049733803,
    "comparison_normalized_sensitivity_nt": 5.117454104664241,
    "tilt_deg": 0.0,
    "max_saturation": 0.18142719639037352,
    "clamped_signal_fraction": 0.3846486603747552,
    "overlap_volume_um3": 1.875,
    "overlap_area_um2": 0.25,
    "overlap_depth_um": 7.5,
    "central_tir_fraction": 0.0,
    "side_tir_fraction": 0.0017698309530308038
  },
  "method_comparison": {},
  "measured": {
    "SM": {
      "od": 3.0,
      "observed_kcps": 2000.0,
      "cps": 2000000000.0,
      "snr": 1.83,
      "contrast": 0.0659,
      "fwhm_mhz": 3.69,
      "sensitivity_nt": 100.0
    },
    "MM": {
      "od": 4.0,
      "observed_kcps": 2000.0,
      "cps": 20000000000.0,
      "snr": 4.2,
      "contrast": 0.0693,
      "fwhm_mhz": 4.52,
      "sensitivity_nt": 29.0
    },
    "MCF": {
      "od": 3.0,
      "observed_kcps": 2000.0,
      "cps": 2000000000.0,
      "snr": 1.98,
      "contrast": 0.081,
      "fwhm_mhz": 3.44,
      "sensitivity_nt": 103.0
    }
  },
  "comparison_normalization": {
    "reference_probe": "measured original MCF",
    "reference_measured_corrected_cps": 2000000000.0,
    "reference_model": "paper_figures.py legacy as-built MCF ensemble checkpoint",
    "reference_model_power_nw": 0.051756581935736595,
    "reference_photon_energy_j": 2.8377797959270407e-19,
    "interpretation": "empirical model-to-experiment normalization; not detector efficiency",
    "reference_model_fiber_photons_s": 182384066.62145135,
    "factor": 10.965870193864662
  },
  "assumptions": {
    "mfd_um": 5.3220408272725,
    "ips_index": 1.52,
    "nv_ppm": 3.0,
    "nv_depth_um": [
      80.0,
      90.0
    ],
    "spectrum_nm": [
      650.0,
      800.0
    ],
    "print_limits_um": [
      300.0,
      300.0,
      300.0
    ],
    "final_depth_points": 33,
    "final_spectral_points": 33,
    "spectral_quadrature": "normalized trapezoidal",
    "spatial_model": "10-um Gaussian core area with uniformly filled full-NA equal-solid-angle rays, traced footprints, and diffraction blur",
    "fiber_na": 0.21,
    "ray_model": "uniform_full_na",
    "optimization_score": "80-90 um volume integral of central 532-nm excitation times summed six-side-core 650-850-nm reciprocal collection",
    "green_fresnel": "included once by trace_full_na",
    "aperture_rule": "cap radius = decenter + scale x beam footprint, scale in [1.0, 1.35]; the fitted and physical apertures therefore coincide",
    "exposure_min": 0.85,
    "exposure_rule": "each cap must be the lowest surface of the printed union over this fraction of its own lit footprint",
    "max_surface_slope": 3.0,
    "max_surface_slope_rule": "tan of the steepest allowed tilt; bounds both TIR loss at the rim and printability",
    "min_polymer_um": 5.0,
    "field_grid_quantum_um": 5.0,
    "field_grid_rule": "integration extent snapped to this ladder so nearby candidates share one mesh",
    "diffraction_angle": "power-weighted RMS cone angle",
    "family_choice": "top candidates re-scored on the final grid before the winner is selected",
    "method_search_quadrature_points": 9
  }
}