{
  "label": "biconic + biconic",
  "slug": "biconic__biconic",
  "created": "2026-07-21 21:49:51",
  "sensitivity_nt": 10.591217318326319,
  "normalized_sensitivity_nt": 3.1983377858227255,
  "resolution_um": 0.6085373445623746,
  "fwhm_mhz": 3.5638266467945723,
  "photons_s": 203015381144.95096,
  "overlap_volume_um3": 14.1796875,
  "overlap_area_um2": 1.890625,
  "overlap_depth_um": 7.5,
  "max_saturation": 0.0806196939509128,
  "clamped_signal_fraction": 0.0,
  "central_tir_fraction": 0.005322055357078112,
  "side_tir_fraction": 0.1472015866874837,
  "central_max_slope": 1.5112623094280346,
  "side_max_slope": 2.001639312296178,
  "parameters": {
    "central_lens_type": "biconic",
    "side_lens_type": "biconic",
    "air_gap_um": 11.0,
    "central_optical_clearance_um": 11.0,
    "side_optical_clearance_um": 24.999878234097647,
    "central_lit_radius_um": 21.409614820178096,
    "side_lit_radius_um": 19.361735237069205,
    "central_side_overlap_um": 15.771350057247304,
    "side_side_overlap_um": 18.72347047413841,
    "side_core_offset_um": -5.0,
    "central_height_um": 78.0,
    "side_height_um": 64.0,
    "central_aperture_um": 21.409614820178096,
    "side_aperture_um": 24.361735237069205
  },
  "raytrace_png": "raytrace.png",
  "one_side_stl": "lens_one_side.stl",
  "full_stl": "lens_full_seven_core.stl"
}