{
  "label": "biconic + biconic",
  "slug": "biconic__biconic",
  "created": "2026-07-23 02:05:43",
  "sensitivity_nt": 16.946324049733803,
  "normalized_sensitivity_nt": 5.117454104664241,
  "resolution_um": 0.879292197153752,
  "fwhm_mhz": 3.564008703043427,
  "photons_s": 79307463156.22342,
  "overlap_volume_um3": 1.875,
  "overlap_area_um2": 0.25,
  "overlap_depth_um": 7.5,
  "max_saturation": 0.18142719639037352,
  "clamped_signal_fraction": 0.3846486603747552,
  "central_tir_fraction": 0.0,
  "side_tir_fraction": 0.0017698309530308038,
  "central_max_slope": 1.1443541915547852,
  "side_max_slope": 1.4812973493014605,
  "parameters": {
    "central_lens_type": "biconic",
    "side_lens_type": "biconic",
    "air_gap_um": 5.0,
    "central_optical_clearance_um": 5.0,
    "side_optical_clearance_um": 69.00195352164825,
    "central_lit_radius_um": 23.17748116819786,
    "side_lit_radius_um": 14.24976099773518,
    "central_side_overlap_um": 18.427242165933038,
    "side_side_overlap_um": 17.49952199547036,
    "side_core_offset_um": -8.0,
    "central_height_um": 128.0,
    "side_height_um": 64.0,
    "central_aperture_um": 23.17748116819786,
    "side_aperture_um": 22.24976099773518
  },
  "raytrace_png": "raytrace.png",
  "one_side_stl": "lens_one_side.stl",
  "full_stl": "lens_full_seven_core.stl"
}