{
  "central": {
    "family": "freeform",
    "role": "central",
    "center_r": 0.0,
    "angle": 0.0,
    "core_r": 0.0,
    "apex": 52.0,
    "base_z": 139.0,
    "aperture": 22.9135762681321,
    "coef": [
      -1.4548974507828786e-16,
      1.2604072151542012,
      1.2625696506957265,
      8.657288733324786e-16,
      6.49296654999359e-16,
      0.1403268458648293,
      0.1408316124732828,
      0.14032684586482924
    ],
    "shift": -0.0,
    "shape_parameters": {
      "radius_x_scale": 1.0082489893707005,
      "radius_y_scale": 1.0065221353724905,
      "odd_scale": 1.949448115672015,
      "quartic_scale": 1.388387751564311,
      "radius_x_um": 18.17950261838893,
      "radius_y_um": 18.148366116281824,
      "vertex_tilt_deg": -8.335948355420135e-15
    }
  },
  "side": {
    "family": "quadratic",
    "role": "side",
    "center_r": 30.0,
    "angle": 0.0,
    "core_r": 35.0,
    "apex": 76.0,
    "base_z": 139.0,
    "aperture": 24.340783943119085,
    "coef": [
      0.23688773157227852,
      1.4125349443796753,
      1.4125349443796753,
      0.0,
      0.0,
      0.0,
      0.0,
      0.0
    ],
    "shift": 0.4825782329054614,
    "shape_parameters": {
      "tilt_scale": 1.0150479698724815,
      "radius_scale": 1.0342061952369046,
      "radius_x_um": 17.231987102314495,
      "radius_y_um": 17.231987102314495,
      "vertex_tilt_deg": 13.32700657918673
    }
  },
  "parameters": {
    "central_lens_type": "freeform",
    "side_lens_type": "quadratic",
    "air_gap_um": 52.0,
    "central_optical_clearance_um": 52.0,
    "side_optical_clearance_um": 76.00457767730127,
    "central_lit_radius_um": 22.726108837890955,
    "side_lit_radius_um": 19.21545812399,
    "central_side_overlap_um": 17.254360211251182,
    "side_side_overlap_um": 18.68156788623817,
    "side_core_offset_um": -5.0,
    "central_height_um": 87.0,
    "side_height_um": 63.0,
    "central_aperture_um": 22.9135762681321,
    "side_aperture_um": 24.340783943119085,
    "central_shape": {
      "radius_x_scale": 1.0082489893707005,
      "radius_y_scale": 1.0065221353724905,
      "odd_scale": 1.949448115672015,
      "quartic_scale": 1.388387751564311,
      "radius_x_um": 18.17950261838893,
      "radius_y_um": 18.148366116281824,
      "vertex_tilt_deg": -8.335948355420135e-15
    },
    "side_shape": {
      "tilt_scale": 1.0150479698724815,
      "radius_scale": 1.0342061952369046,
      "radius_x_um": 17.231987102314495,
      "radius_y_um": 17.231987102314495,
      "vertex_tilt_deg": 13.32700657918673
    }
  },
  "result": {
    "model_fiber_photons_s": 74499604952.02368,
    "comparison_normalized_cps": 816952997398.0886,
    "contrast": 0.081,
    "fwhm_mhz": 3.563932882773261,
    "resolution_um": 0.7780644274563212,
    "raw_model_sensitivity_nt": 17.484221981829588,
    "comparison_normalized_sensitivity_nt": 5.279888622758872,
    "tilt_deg": 0.0,
    "max_saturation": 0.02520963087222485,
    "clamped_signal_fraction": 0.0,
    "overlap_volume_um3": 70.3125,
    "overlap_area_um2": 6.25,
    "overlap_depth_um": 11.25,
    "central_tir_fraction": 7.784822101138281e-05,
    "side_tir_fraction": 0.04807597307918842
  },
  "method_comparison": {},
  "measured": {
    "SM": {
      "od": 3.0,
      "observed_kcps": 2000.0,
      "cps": 2000000000.0,
      "snr": 1.83,
      "contrast": 0.0659,
      "fwhm_mhz": 3.69,
      "sensitivity_nt": 100.0
    },
    "MM": {
      "od": 4.0,
      "observed_kcps": 2000.0,
      "cps": 20000000000.0,
      "snr": 4.2,
      "contrast": 0.0693,
      "fwhm_mhz": 4.52,
      "sensitivity_nt": 29.0
    },
    "MCF": {
      "od": 3.0,
      "observed_kcps": 2000.0,
      "cps": 2000000000.0,
      "snr": 1.98,
      "contrast": 0.081,
      "fwhm_mhz": 3.44,
      "sensitivity_nt": 103.0
    }
  },
  "comparison_normalization": {
    "reference_probe": "measured original MCF",
    "reference_measured_corrected_cps": 2000000000.0,
    "reference_model": "paper_figures.py legacy as-built MCF ensemble checkpoint",
    "reference_model_power_nw": 0.051756581935736595,
    "reference_photon_energy_j": 2.8377797959270407e-19,
    "interpretation": "empirical model-to-experiment normalization; not detector efficiency",
    "reference_model_fiber_photons_s": 182384066.62145135,
    "factor": 10.965870193864662
  },
  "assumptions": {
    "mfd_um": 10.0,
    "ips_index": 1.52,
    "nv_ppm": 3.0,
    "nv_depth_um": [
      80.0,
      90.0
    ],
    "spectrum_nm": [
      650.0,
      800.0
    ],
    "print_limits_um": [
      300.0,
      300.0,
      300.0
    ],
    "final_depth_points": 33,
    "final_spectral_points": 33,
    "spectral_quadrature": "normalized trapezoidal",
    "spatial_model": "10-um Gaussian core area with uniformly filled full-NA equal-solid-angle rays, traced footprints, and diffraction blur",
    "fiber_na": 0.22,
    "ray_model": "uniform_full_na",
    "optimization_score": "80-90 um volume integral of central 532-nm excitation times summed six-side-core 650-850-nm reciprocal collection",
    "green_fresnel": "included once by trace_full_na",
    "aperture_rule": "cap radius = decenter + scale x beam footprint, scale in [1.0, 1.35]; the fitted and physical apertures therefore coincide",
    "exposure_min": 0.85,
    "exposure_rule": "each cap must be the lowest surface of the printed union over this fraction of its own lit footprint",
    "max_surface_slope": 3.0,
    "max_surface_slope_rule": "tan of the steepest allowed tilt; bounds both TIR loss at the rim and printability",
    "min_polymer_um": 5.0,
    "field_grid_quantum_um": 5.0,
    "field_grid_rule": "integration extent snapped to this ladder so nearby candidates share one mesh",
    "diffraction_angle": "power-weighted RMS cone angle",
    "family_choice": "top candidates re-scored on the final grid before the winner is selected",
    "method_search_quadrature_points": 9
  }
}