{
  "central": {
    "family": "asphere",
    "role": "central",
    "center_r": 0.0,
    "angle": 0.0,
    "core_r": 0.0,
    "apex": 10.0,
    "base_z": 145.0,
    "aperture": 24.153950561842215,
    "coef": [
      7.722767496715855e-17,
      1.4820698782075397,
      1.4820698782075397,
      0.0,
      0.0,
      -0.33768689685067227,
      -0.33768689685067227,
      -0.33768689685067227
    ],
    "shift": -0.0,
    "shape_parameters": {
      "radius_scale": 1.0,
      "asphere_scale": 1.0453284947092851,
      "radius_x_um": 16.297443809501573,
      "radius_y_um": 16.297443809501573,
      "vertex_tilt_deg": 4.4248198372263035e-15
    }
  },
  "side": {
    "family": "asphere",
    "role": "side",
    "center_r": 12.0,
    "angle": 0.0,
    "core_r": 35.0,
    "apex": 68.0,
    "base_z": 145.0,
    "aperture": 39.791325022021496,
    "coef": [
      -0.6419256748474712,
      2.2082246971770054,
      2.2082246971770054,
      0.0,
      0.0,
      -0.37962300549921685,
      -0.37962300549921685,
      -0.37962300549921685
    ],
    "shift": 3.739442598589983,
    "shape_parameters": {
      "tilt_scale": 0.9739271258552401,
      "radius_scale": 0.9916198780408947,
      "asphere_scale": 1.8471232677395117,
      "radius_x_um": 18.019599668861023,
      "radius_y_um": 18.019599668861023,
      "vertex_tilt_deg": -32.69744723666465
    }
  },
  "parameters": {
    "central_lens_type": "asphere",
    "side_lens_type": "asphere",
    "air_gap_um": 10.0,
    "central_optical_clearance_um": 10.0,
    "side_optical_clearance_um": 67.99900399056128,
    "central_lit_radius_um": 24.153950561842215,
    "side_lit_radius_um": 16.063204157360413,
    "central_side_overlap_um": 51.94527558386371,
    "side_side_overlap_um": 67.58265004404299,
    "side_core_offset_um": -23.0,
    "central_height_um": 135.0,
    "side_height_um": 77.0,
    "central_aperture_um": 24.153950561842215,
    "side_aperture_um": 39.791325022021496,
    "central_shape": {
      "radius_scale": 1.0,
      "asphere_scale": 1.0453284947092851,
      "radius_x_um": 16.297443809501573,
      "radius_y_um": 16.297443809501573,
      "vertex_tilt_deg": 4.4248198372263035e-15
    },
    "side_shape": {
      "tilt_scale": 0.9739271258552401,
      "radius_scale": 0.9916198780408947,
      "asphere_scale": 1.8471232677395117,
      "radius_x_um": 18.019599668861023,
      "radius_y_um": 18.019599668861023,
      "vertex_tilt_deg": -32.69744723666465
    }
  },
  "result": {
    "model_fiber_photons_s": 60130923489.42012,
    "model_excited_rate_s": 6504845733416.908,
    "effective_volume_um3": 15.328538393377015,
    "collection_efficiency": 0.009244019912803398,
    "comparison_normalized_cps": 659387901622.1886,
    "contrast": 0.081,
    "fwhm_mhz": 3.564075898873163,
    "resolution_um": 0.9601274004209102,
    "raw_model_sensitivity_nt": 19.462193541065822,
    "comparison_normalized_sensitivity_nt": 5.8771968440000215,
    "tilt_deg": 0.0,
    "max_saturation": 0.16623502601967896,
    "clamped_signal_fraction": 0.0,
    "overlap_volume_um3": 0.87890625,
    "overlap_area_um2": 0.140625,
    "overlap_depth_um": 6.25,
    "central_tir_fraction": 0.0,
    "side_tir_fraction": 0.007998674951990383
  },
  "method_comparison": {},
  "measured": {
    "SM": {
      "od": 3.0,
      "observed_kcps": 2000.0,
      "cps": 2000000000.0,
      "snr": 1.83,
      "contrast": 0.0659,
      "fwhm_mhz": 3.69,
      "sensitivity_nt": 100.0
    },
    "MM": {
      "od": 4.0,
      "observed_kcps": 2000.0,
      "cps": 20000000000.0,
      "snr": 4.2,
      "contrast": 0.0693,
      "fwhm_mhz": 4.52,
      "sensitivity_nt": 29.0
    },
    "MCF": {
      "od": 3.0,
      "observed_kcps": 2000.0,
      "cps": 2000000000.0,
      "snr": 1.98,
      "contrast": 0.081,
      "fwhm_mhz": 3.44,
      "sensitivity_nt": 103.0
    }
  },
  "comparison_normalization": {
    "reference_probe": "measured original MCF",
    "reference_measured_corrected_cps": 2000000000.0,
    "reference_model": "paper_figures.py legacy as-built MCF ensemble checkpoint",
    "reference_model_power_nw": 0.051756581935736595,
    "reference_photon_energy_j": 2.8377797959270407e-19,
    "interpretation": "empirical model-to-experiment normalization; not detector efficiency",
    "reference_model_fiber_photons_s": 182384066.62145135,
    "factor": 10.965870193864662
  },
  "assumptions": {
    "mfd_um": 5.3220408272725,
    "ips_index": 1.52,
    "nv_ppm": 3.0,
    "nv_depth_um": [
      80.0,
      90.0
    ],
    "spectrum_nm": [
      650.0,
      800.0
    ],
    "print_limits_um": [
      300.0,
      300.0,
      300.0
    ],
    "final_depth_points": 33,
    "final_spectral_points": 33,
    "spectral_quadrature": "normalized trapezoidal",
    "spatial_model": "10-um Gaussian core area with uniformly filled full-NA equal-solid-angle rays, traced footprints, and diffraction blur",
    "fiber_na": 0.21,
    "ray_model": "uniform_full_na",
    "optimization_score": "80-90 um volume integral of central 532-nm excitation times summed six-side-core 650-850-nm reciprocal collection",
    "green_fresnel": "included once by trace_full_na",
    "aperture_rule": "cap radius = decenter + scale x beam footprint, scale in [1.0, 1.35]; the fitted and physical apertures therefore coincide",
    "exposure_min": 0.85,
    "exposure_rule": "each cap must be the lowest surface of the printed union over this fraction of its own lit footprint",
    "max_surface_slope": 3.0,
    "max_surface_slope_rule": "tan of the steepest allowed tilt; bounds both TIR loss at the rim and printability",
    "min_polymer_um": 5.0,
    "field_grid_quantum_um": 5.0,
    "field_grid_rule": "integration extent snapped to this ladder so nearby candidates share one mesh",
    "diffraction_angle": "power-weighted RMS cone angle",
    "family_choice": "top candidates re-scored on the final grid before the winner is selected",
    "method_search_quadrature_points": 9
  }
}