{
  "label": "asphere + asphere",
  "slug": "asphere__asphere",
  "created": "2026-07-21 18:16:41",
  "sensitivity_nt": 14.338638472837967,
  "normalized_sensitivity_nt": 4.329984726644826,
  "resolution_um": 0.9409484280975084,
  "fwhm_mhz": 3.5640594217017654,
  "photons_s": 110780061702.16287,
  "overlap_volume_um3": 25.3125,
  "overlap_area_um2": 2.25,
  "overlap_depth_um": 11.25,
  "max_saturation": 0.06954983618786154,
  "clamped_signal_fraction": 0.0,
  "central_tir_fraction": 0.0009419394714662901,
  "side_tir_fraction": 0.08802069270100824,
  "central_max_slope": 1.4452772759937853,
  "side_max_slope": 2.0916021650455776,
  "parameters": {
    "central_lens_type": "asphere",
    "side_lens_type": "asphere",
    "air_gap_um": 19.0,
    "central_optical_clearance_um": 19.0,
    "side_optical_clearance_um": 33.99888863827219,
    "central_lit_radius_um": 22.43355461173254,
    "side_lit_radius_um": 20.239397915544444,
    "central_side_overlap_um": 49.031213656362866,
    "side_side_overlap_um": 68.19531808926067,
    "side_core_offset_um": -20.0,
    "central_height_um": 85.0,
    "side_height_um": 70.0,
    "central_aperture_um": 22.43355461173254,
    "side_aperture_um": 41.59765904463033
  },
  "raytrace_png": "raytrace.png",
  "one_side_stl": "lens_one_side.stl",
  "full_stl": "lens_full_seven_core.stl"
}