{
  "label": "asphere + asphere",
  "slug": "asphere__asphere",
  "created": "2026-07-22 20:12:15",
  "sensitivity_nt": 19.462193541065822,
  "normalized_sensitivity_nt": 5.8771968440000215,
  "resolution_um": 0.9601274004209102,
  "fwhm_mhz": 3.564075898873163,
  "photons_s": 60130923489.42012,
  "overlap_volume_um3": 0.87890625,
  "overlap_area_um2": 0.140625,
  "overlap_depth_um": 6.25,
  "max_saturation": 0.16623502601967896,
  "clamped_signal_fraction": 0.0,
  "central_tir_fraction": 0.0,
  "side_tir_fraction": 0.007998674951990383,
  "central_max_slope": 1.1443829813568676,
  "side_max_slope": 2.47052736652526,
  "parameters": {
    "central_lens_type": "asphere",
    "side_lens_type": "asphere",
    "air_gap_um": 10.0,
    "central_optical_clearance_um": 10.0,
    "side_optical_clearance_um": 67.99900399056128,
    "central_lit_radius_um": 24.153950561842215,
    "side_lit_radius_um": 16.063204157360413,
    "central_side_overlap_um": 51.94527558386371,
    "side_side_overlap_um": 67.58265004404299,
    "side_core_offset_um": -23.0,
    "central_height_um": 135.0,
    "side_height_um": 77.0,
    "central_aperture_um": 24.153950561842215,
    "side_aperture_um": 39.791325022021496
  },
  "raytrace_png": "raytrace.png",
  "one_side_stl": "lens_one_side.stl",
  "full_stl": "lens_full_seven_core.stl"
}