{
  "central": {
    "family": "freeform",
    "role": "central",
    "center_r": 0.0,
    "angle": 0.0,
    "core_r": 0.0,
    "apex": 14.0,
    "base_z": 140.0,
    "aperture": 22.898489912870904,
    "coef": [
      4.628777126688843e-16,
      1.3846520323524454,
      1.3846520323524463,
      -4.232212150928948e-15,
      9.257964080157074e-16,
      -0.2495294218704244,
      -0.24829170856273808,
      -0.2495294218704248
    ],
    "shift": -0.0,
    "shape_parameters": {
      "radius_x_scale": 1.0,
      "radius_y_scale": 1.0,
      "odd_scale": 1.191261816617281,
      "quartic_scale": 1.0500316716471247,
      "radius_x_um": 16.537360562687844,
      "radius_y_um": 16.537360562687834,
      "vertex_tilt_deg": 2.652093936659627e-14
    }
  },
  "side": {
    "family": "freeform",
    "role": "side",
    "center_r": 40.0,
    "angle": 0.0,
    "core_r": 35.0,
    "apex": 58.0,
    "base_z": 140.0,
    "aperture": 21.76068229567781,
    "coef": [
      0.807307247965061,
      0.9595614444597136,
      1.095381945847646,
      0.19591811346735324,
      0.039009005032513734,
      0.3114298293802162,
      0.2686362597523123,
      0.19852884507470364
    ],
    "shift": 7.405865513811865,
    "shape_parameters": {
      "tilt_scale": 0.9981839688225305,
      "radius_x_scale": 1.0267220651432574,
      "radius_y_scale": 1.006805769130524,
      "odd_scale": 0.9859872248118482,
      "quartic_scale": 1.1931863478189957,
      "radius_x_um": 22.677737232273106,
      "radius_y_um": 19.86583983620308,
      "vertex_tilt_deg": 38.91418914307616
    }
  },
  "parameters": {
    "central_lens_type": "freeform",
    "side_lens_type": "freeform",
    "air_gap_um": 14.0,
    "central_optical_clearance_um": 14.0,
    "side_optical_clearance_um": 57.99984553682952,
    "central_lit_radius_um": 22.898489912870904,
    "side_lit_radius_um": 16.76068229567781,
    "central_side_overlap_um": 4.659172208548711,
    "side_side_overlap_um": 3.5213645913556206,
    "side_core_offset_um": 5.0,
    "central_height_um": 126.0,
    "side_height_um": 82.0,
    "central_aperture_um": 22.898489912870904,
    "side_aperture_um": 21.76068229567781,
    "central_shape": {
      "radius_x_scale": 1.0,
      "radius_y_scale": 1.0,
      "odd_scale": 1.191261816617281,
      "quartic_scale": 1.0500316716471247,
      "radius_x_um": 16.537360562687844,
      "radius_y_um": 16.537360562687834,
      "vertex_tilt_deg": 2.652093936659627e-14
    },
    "side_shape": {
      "tilt_scale": 0.9981839688225305,
      "radius_x_scale": 1.0267220651432574,
      "radius_y_scale": 1.006805769130524,
      "odd_scale": 0.9859872248118482,
      "quartic_scale": 1.1931863478189957,
      "radius_x_um": 22.677737232273106,
      "radius_y_um": 19.86583983620308,
      "vertex_tilt_deg": 38.91418914307616
    }
  },
  "result": {
    "model_fiber_photons_s": 80911229926.69356,
    "model_excited_rate_s": 6573252478146.151,
    "effective_volume_um3": 14.247787955217094,
    "collection_efficiency": 0.012309162046596586,
    "comparison_normalized_cps": 887262044602.0593,
    "contrast": 0.081,
    "fwhm_mhz": 3.563972937008743,
    "resolution_um": 0.8330746675878219,
    "raw_model_sensitivity_nt": 16.77736589436463,
    "comparison_normalized_sensitivity_nt": 5.066432089319028,
    "tilt_deg": 0.0,
    "max_saturation": 0.15295959710479468,
    "clamped_signal_fraction": 0.6905213484640488,
    "overlap_volume_um3": 4.21875,
    "overlap_area_um2": 0.703125,
    "overlap_depth_um": 6.0,
    "central_tir_fraction": 0.0,
    "side_tir_fraction": 0.024416405333184857
  },
  "method_comparison": {},
  "measured": {
    "SM": {
      "od": 3.0,
      "observed_kcps": 2000.0,
      "cps": 2000000000.0,
      "snr": 1.83,
      "contrast": 0.0659,
      "fwhm_mhz": 3.69,
      "sensitivity_nt": 100.0
    },
    "MM": {
      "od": 4.0,
      "observed_kcps": 2000.0,
      "cps": 20000000000.0,
      "snr": 4.2,
      "contrast": 0.0693,
      "fwhm_mhz": 4.52,
      "sensitivity_nt": 29.0
    },
    "MCF": {
      "od": 3.0,
      "observed_kcps": 2000.0,
      "cps": 2000000000.0,
      "snr": 1.98,
      "contrast": 0.081,
      "fwhm_mhz": 3.44,
      "sensitivity_nt": 103.0
    }
  },
  "comparison_normalization": {
    "reference_probe": "measured original MCF",
    "reference_measured_corrected_cps": 2000000000.0,
    "reference_model": "paper_figures.py legacy as-built MCF ensemble checkpoint",
    "reference_model_power_nw": 0.051756581935736595,
    "reference_photon_energy_j": 2.8377797959270407e-19,
    "interpretation": "empirical model-to-experiment normalization; not detector efficiency",
    "reference_model_fiber_photons_s": 182384066.62145135,
    "factor": 10.965870193864662
  },
  "assumptions": {
    "mfd_um": 5.3220408272725,
    "ips_index": 1.52,
    "nv_ppm": 3.0,
    "nv_depth_um": [
      80.0,
      90.0
    ],
    "spectrum_nm": [
      650.0,
      800.0
    ],
    "print_limits_um": [
      300.0,
      300.0,
      300.0
    ],
    "final_depth_points": 33,
    "final_spectral_points": 33,
    "spectral_quadrature": "normalized trapezoidal",
    "spatial_model": "10-um Gaussian core area with uniformly filled full-NA equal-solid-angle rays, traced footprints, and diffraction blur",
    "fiber_na": 0.21,
    "ray_model": "uniform_full_na",
    "optimization_score": "80-90 um volume integral of central 532-nm excitation times summed six-side-core 650-850-nm reciprocal collection",
    "green_fresnel": "included once by trace_full_na",
    "aperture_rule": "cap radius = decenter + scale x beam footprint, scale in [1.0, 1.35]; the fitted and physical apertures therefore coincide",
    "exposure_min": 0.85,
    "exposure_rule": "each cap must be the lowest surface of the printed union over this fraction of its own lit footprint",
    "max_surface_slope": 3.0,
    "max_surface_slope_rule": "tan of the steepest allowed tilt; bounds both TIR loss at the rim and printability",
    "min_polymer_um": 5.0,
    "field_grid_quantum_um": 5.0,
    "field_grid_rule": "integration extent snapped to this ladder so nearby candidates share one mesh",
    "diffraction_angle": "power-weighted RMS cone angle",
    "family_choice": "top candidates re-scored on the final grid before the winner is selected",
    "method_search_quadrature_points": 9
  }
}