{
  "label": "freeform + freeform",
  "slug": "freeform__freeform",
  "created": "2026-07-23 08:03:07",
  "sensitivity_nt": 16.77736589436463,
  "normalized_sensitivity_nt": 5.066432089319028,
  "resolution_um": 0.8330746675878219,
  "fwhm_mhz": 3.563972937008743,
  "photons_s": 80911229926.69356,
  "overlap_volume_um3": 4.21875,
  "overlap_area_um2": 0.703125,
  "overlap_depth_um": 6.0,
  "max_saturation": 0.15295959710479468,
  "clamped_signal_fraction": 0.6905213484640488,
  "central_tir_fraction": 0.0,
  "side_tir_fraction": 0.024416405333184857,
  "central_max_slope": 1.1356929609570212,
  "side_max_slope": 2.274216635272344,
  "parameters": {
    "central_lens_type": "freeform",
    "side_lens_type": "freeform",
    "air_gap_um": 14.0,
    "central_optical_clearance_um": 14.0,
    "side_optical_clearance_um": 57.99984553682952,
    "central_lit_radius_um": 22.898489912870904,
    "side_lit_radius_um": 16.76068229567781,
    "central_side_overlap_um": 4.659172208548711,
    "side_side_overlap_um": 3.5213645913556206,
    "side_core_offset_um": 5.0,
    "central_height_um": 126.0,
    "side_height_um": 82.0,
    "central_aperture_um": 22.898489912870904,
    "side_aperture_um": 21.76068229567781
  },
  "raytrace_png": "raytrace.png",
  "one_side_stl": "lens_one_side.stl",
  "full_stl": "lens_full_seven_core.stl"
}