{
  "label": "freeform + freeform",
  "slug": "freeform__freeform",
  "created": "2026-07-22 01:03:50",
  "sensitivity_nt": 10.124743393488467,
  "normalized_sensitivity_nt": 3.0574719027926065,
  "resolution_um": 0.6501570097372611,
  "fwhm_mhz": 3.563850322595515,
  "photons_s": 222156191546.5054,
  "overlap_volume_um3": 11.81640625,
  "overlap_area_um2": 1.890625,
  "overlap_depth_um": 6.25,
  "max_saturation": 0.08198185793627709,
  "clamped_signal_fraction": 0.0,
  "central_tir_fraction": 0.005315568005327163,
  "side_tir_fraction": 0.16849974736223602,
  "central_max_slope": 1.6482362909833836,
  "side_max_slope": 2.3464093651848996,
  "parameters": {
    "central_lens_type": "freeform",
    "side_lens_type": "freeform",
    "air_gap_um": 19.0,
    "central_optical_clearance_um": 19.0,
    "side_optical_clearance_um": 22.005819399559254,
    "central_lit_radius_um": 19.21545812399,
    "side_lit_radius_um": 18.77662678475238,
    "central_side_overlap_um": 2.9920849087423846,
    "side_side_overlap_um": 2.5532535695047613,
    "side_core_offset_um": 0.0,
    "central_height_um": 63.0,
    "side_height_um": 60.0,
    "central_aperture_um": 19.21545812399,
    "side_aperture_um": 18.77662678475238
  },
  "raytrace_png": "raytrace.png",
  "one_side_stl": "lens_one_side.stl",
  "full_stl": "lens_full_seven_core.stl"
}