{
  "central": {
    "family": "freeform",
    "role": "central",
    "center_r": 0.0,
    "angle": 0.0,
    "core_r": 0.0,
    "apex": 5.0,
    "base_z": 123.0,
    "aperture": 21.782524891563067,
    "coef": [
      1.5219162649817213e-15,
      1.516713474833613,
      1.5167134748336126,
      -1.6255435967816803e-14,
      2.7753183359687226e-15,
      -0.36278212463966647,
      -0.36088777661781,
      -0.36278212463966636
    ],
    "shift": -0.0,
    "shape_parameters": {
      "radius_x_scale": 1.0,
      "radius_y_scale": 1.0,
      "odd_scale": 1.785560374814749,
      "quartic_scale": 1.06095866889535,
      "radius_x_um": 14.361661086945022,
      "radius_y_um": 14.361661086945025,
      "vertex_tilt_deg": 8.719937875576647e-14
    }
  },
  "side": {
    "family": "biconic",
    "role": "side",
    "center_r": 28.0,
    "angle": 0.0,
    "core_r": 35.0,
    "apex": 47.0,
    "base_z": 123.0,
    "aperture": 22.923708529696935,
    "coef": [
      0.31847849102717357,
      1.0458378443165715,
      1.2595164335152298,
      0.0,
      0.0,
      0.03332301004149718,
      0.03332301004149718,
      0.03332301004149718
    ],
    "shift": 1.1098138732123193,
    "shape_parameters": {
      "tilt_scale": 1.0228212186524437,
      "radius_x_scale": 1.0141395790135759,
      "radius_y_scale": 1.0050640838527325,
      "asphere_scale": 0.5437077994745697,
      "radius_x_um": 21.918989310122925,
      "radius_y_um": 18.200404472467525,
      "vertex_tilt_deg": 17.66555832122509
    }
  },
  "parameters": {
    "central_lens_type": "freeform",
    "side_lens_type": "biconic",
    "air_gap_um": 5.0,
    "central_optical_clearance_um": 5.0,
    "side_optical_clearance_um": 47.003010224242544,
    "central_lit_radius_um": 21.782524891563067,
    "side_lit_radius_um": 15.923708529696935,
    "central_side_overlap_um": 16.706233421260002,
    "side_side_overlap_um": 17.84741705939387,
    "side_core_offset_um": -7.0,
    "central_height_um": 118.0,
    "side_height_um": 76.0,
    "central_aperture_um": 21.782524891563067,
    "side_aperture_um": 22.923708529696935,
    "central_shape": {
      "radius_x_scale": 1.0,
      "radius_y_scale": 1.0,
      "odd_scale": 1.785560374814749,
      "quartic_scale": 1.06095866889535,
      "radius_x_um": 14.361661086945022,
      "radius_y_um": 14.361661086945025,
      "vertex_tilt_deg": 8.719937875576647e-14
    },
    "side_shape": {
      "tilt_scale": 1.0228212186524437,
      "radius_x_scale": 1.0141395790135759,
      "radius_y_scale": 1.0050640838527325,
      "asphere_scale": 0.5437077994745697,
      "radius_x_um": 21.918989310122925,
      "radius_y_um": 18.200404472467525,
      "vertex_tilt_deg": 17.66555832122509
    }
  },
  "result": {
    "model_fiber_photons_s": 80744664821.82568,
    "model_excited_rate_s": 6496988982398.514,
    "effective_volume_um3": 13.720802900477631,
    "collection_efficiency": 0.012428013198202612,
    "comparison_normalized_cps": 885435513283.2507,
    "contrast": 0.081,
    "fwhm_mhz": 3.5639896974638674,
    "resolution_um": 0.8550438784962257,
    "raw_model_sensitivity_nt": 16.794740655973264,
    "comparison_normalized_sensitivity_nt": 5.071678923077825,
    "tilt_deg": 0.0,
    "max_saturation": 0.17992532450353707,
    "clamped_signal_fraction": 0.7084072441023603,
    "overlap_volume_um3": 3.1640625,
    "overlap_area_um2": 0.703125,
    "overlap_depth_um": 4.5,
    "central_tir_fraction": 0.0,
    "side_tir_fraction": 0.018193895198537622
  },
  "method_comparison": {},
  "measured": {
    "SM": {
      "od": 3.0,
      "observed_kcps": 2000.0,
      "cps": 2000000000.0,
      "snr": 1.83,
      "contrast": 0.0659,
      "fwhm_mhz": 3.69,
      "sensitivity_nt": 100.0
    },
    "MM": {
      "od": 4.0,
      "observed_kcps": 2000.0,
      "cps": 20000000000.0,
      "snr": 4.2,
      "contrast": 0.0693,
      "fwhm_mhz": 4.52,
      "sensitivity_nt": 29.0
    },
    "MCF": {
      "od": 3.0,
      "observed_kcps": 2000.0,
      "cps": 2000000000.0,
      "snr": 1.98,
      "contrast": 0.081,
      "fwhm_mhz": 3.44,
      "sensitivity_nt": 103.0
    }
  },
  "comparison_normalization": {
    "reference_probe": "measured original MCF",
    "reference_measured_corrected_cps": 2000000000.0,
    "reference_model": "paper_figures.py legacy as-built MCF ensemble checkpoint",
    "reference_model_power_nw": 0.051756581935736595,
    "reference_photon_energy_j": 2.8377797959270407e-19,
    "interpretation": "empirical model-to-experiment normalization; not detector efficiency",
    "reference_model_fiber_photons_s": 182384066.62145135,
    "factor": 10.965870193864662
  },
  "assumptions": {
    "mfd_um": 5.3220408272725,
    "ips_index": 1.52,
    "nv_ppm": 3.0,
    "nv_depth_um": [
      80.0,
      90.0
    ],
    "spectrum_nm": [
      650.0,
      800.0
    ],
    "print_limits_um": [
      300.0,
      300.0,
      300.0
    ],
    "final_depth_points": 33,
    "final_spectral_points": 33,
    "spectral_quadrature": "normalized trapezoidal",
    "spatial_model": "10-um Gaussian core area with uniformly filled full-NA equal-solid-angle rays, traced footprints, and diffraction blur",
    "fiber_na": 0.21,
    "ray_model": "uniform_full_na",
    "optimization_score": "80-90 um volume integral of central 532-nm excitation times summed six-side-core 650-850-nm reciprocal collection",
    "green_fresnel": "included once by trace_full_na",
    "aperture_rule": "cap radius = decenter + scale x beam footprint, scale in [1.0, 1.35]; the fitted and physical apertures therefore coincide",
    "exposure_min": 0.85,
    "exposure_rule": "each cap must be the lowest surface of the printed union over this fraction of its own lit footprint",
    "max_surface_slope": 3.0,
    "max_surface_slope_rule": "tan of the steepest allowed tilt; bounds both TIR loss at the rim and printability",
    "min_polymer_um": 5.0,
    "field_grid_quantum_um": 5.0,
    "field_grid_rule": "integration extent snapped to this ladder so nearby candidates share one mesh",
    "diffraction_angle": "power-weighted RMS cone angle",
    "family_choice": "top candidates re-scored on the final grid before the winner is selected",
    "method_search_quadrature_points": 9
  }
}