{
  "label": "freeform + biconic",
  "slug": "freeform__biconic",
  "created": "2026-07-22 00:22:08",
  "sensitivity_nt": 11.021841209925306,
  "normalized_sensitivity_nt": 3.3283776691131868,
  "resolution_um": 0.6110120326699878,
  "fwhm_mhz": 3.5638280107715286,
  "photons_s": 187461778944.1401,
  "overlap_volume_um3": 14.1796875,
  "overlap_area_um2": 1.890625,
  "overlap_depth_um": 7.5,
  "max_saturation": 0.08303092430894532,
  "clamped_signal_fraction": 0.0,
  "central_tir_fraction": 0.006764794380946189,
  "side_tir_fraction": 0.16327510941016612,
  "central_max_slope": 1.5391995305882973,
  "side_max_slope": 2.0416222576863046,
  "parameters": {
    "central_lens_type": "freeform",
    "side_lens_type": "biconic",
    "air_gap_um": 10.0,
    "central_optical_clearance_um": 10.0,
    "side_optical_clearance_um": 23.0,
    "central_lit_radius_um": 20.53195214170286,
    "side_lit_radius_um": 18.630349671673173,
    "central_side_overlap_um": 4.1623018133760326,
    "side_side_overlap_um": 7.260699343346346,
    "side_core_offset_um": 5.0,
    "central_height_um": 72.0,
    "side_height_um": 59.0,
    "central_aperture_um": 20.53195214170286,
    "side_aperture_um": 23.630349671673173
  },
  "raytrace_png": "raytrace.png",
  "one_side_stl": "lens_one_side.stl",
  "full_stl": "lens_full_seven_core.stl"
}