{
  "label": "freeform + biconic",
  "slug": "freeform__biconic",
  "created": "2026-07-23 06:59:53",
  "sensitivity_nt": 16.794740655973264,
  "normalized_sensitivity_nt": 5.071678923077825,
  "resolution_um": 0.8550438784962257,
  "fwhm_mhz": 3.5639896974638674,
  "photons_s": 80744664821.82568,
  "overlap_volume_um3": 3.1640625,
  "overlap_area_um2": 0.703125,
  "overlap_depth_um": 4.5,
  "max_saturation": 0.17992532450353707,
  "clamped_signal_fraction": 0.7084072441023603,
  "central_tir_fraction": 0.0,
  "side_tir_fraction": 0.018193895198537622,
  "central_max_slope": 1.1548042938283694,
  "side_max_slope": 1.4136422374086275,
  "parameters": {
    "central_lens_type": "freeform",
    "side_lens_type": "biconic",
    "air_gap_um": 5.0,
    "central_optical_clearance_um": 5.0,
    "side_optical_clearance_um": 47.003010224242544,
    "central_lit_radius_um": 21.782524891563067,
    "side_lit_radius_um": 15.923708529696935,
    "central_side_overlap_um": 16.706233421260002,
    "side_side_overlap_um": 17.84741705939387,
    "side_core_offset_um": -7.0,
    "central_height_um": 118.0,
    "side_height_um": 76.0,
    "central_aperture_um": 21.782524891563067,
    "side_aperture_um": 22.923708529696935
  },
  "raytrace_png": "raytrace.png",
  "one_side_stl": "lens_one_side.stl",
  "full_stl": "lens_full_seven_core.stl"
}