{
  "central": {
    "family": "biconic",
    "role": "central",
    "center_r": 0.0,
    "angle": 0.0,
    "core_r": 0.0,
    "apex": 19.0,
    "base_z": 142.0,
    "aperture": 22.480003029880464,
    "coef": [
      4.643602588909949e-17,
      1.304115384960382,
      1.3041153849603804,
      0.0,
      0.0,
      -0.17947146903254674,
      -0.17947146903254674,
      -0.17947146903254674
    ],
    "shift": -0.0,
    "shape_parameters": {
      "radius_x_scale": 1.0,
      "radius_y_scale": 1.0,
      "asphere_scale": 1.0263100908140728,
      "radius_x_um": 17.237740838831826,
      "radius_y_um": 17.237740838831847,
      "vertex_tilt_deg": 2.660588300805627e-15
    }
  },
  "side": {
    "family": "asphere",
    "role": "side",
    "center_r": 7.0,
    "angle": 0.0,
    "core_r": 35.0,
    "apex": 49.0,
    "base_z": 142.0,
    "aperture": 46.29513419997608,
    "coef": [
      -0.7030152885320525,
      2.4386765660627225,
      2.4386765660627225,
      0.0,
      0.0,
      -0.603278328070088,
      -0.603278328070088,
      -0.603278328070088
    ],
    "shift": 4.739963411433241,
    "shape_parameters": {
      "tilt_scale": 0.9934862418453496,
      "radius_scale": 0.9732306305891734,
      "asphere_scale": 1.6169951276717387,
      "radius_x_um": 18.983712249599474,
      "radius_y_um": 18.983712249599474,
      "vertex_tilt_deg": -35.107804551221534
    }
  },
  "parameters": {
    "central_lens_type": "biconic",
    "side_lens_type": "asphere",
    "air_gap_um": 19.0,
    "central_optical_clearance_um": 19.0,
    "side_optical_clearance_um": 49.00032489208698,
    "central_lit_radius_um": 22.480003029880464,
    "side_lit_radius_um": 18.295134199976083,
    "central_side_overlap_um": 61.77513722985654,
    "side_side_overlap_um": 85.59026839995217,
    "side_core_offset_um": -28.0,
    "central_height_um": 123.0,
    "side_height_um": 93.0,
    "central_aperture_um": 22.480003029880464,
    "side_aperture_um": 46.29513419997608,
    "central_shape": {
      "radius_x_scale": 1.0,
      "radius_y_scale": 1.0,
      "asphere_scale": 1.0263100908140728,
      "radius_x_um": 17.237740838831826,
      "radius_y_um": 17.237740838831847,
      "vertex_tilt_deg": 2.660588300805627e-15
    },
    "side_shape": {
      "tilt_scale": 0.9934862418453496,
      "radius_scale": 0.9732306305891734,
      "asphere_scale": 1.6169951276717387,
      "radius_x_um": 18.983712249599474,
      "radius_y_um": 18.983712249599474,
      "vertex_tilt_deg": -35.107804551221534
    }
  },
  "result": {
    "model_fiber_photons_s": 58009383393.46236,
    "model_excited_rate_s": 6619799127032.828,
    "effective_volume_um3": 14.903471187698766,
    "collection_efficiency": 0.008763012635319,
    "comparison_normalized_cps": 636123368318.8365,
    "contrast": 0.081,
    "fwhm_mhz": 3.564092869915855,
    "resolution_um": 0.9794888055673068,
    "raw_model_sensitivity_nt": 19.81498132385853,
    "comparison_normalized_sensitivity_nt": 5.983731764601655,
    "tilt_deg": 0.0,
    "max_saturation": 0.13354593851661054,
    "clamped_signal_fraction": 0.13223769046841055,
    "overlap_volume_um3": 2.339409722222184,
    "overlap_area_um2": 0.4253472222222153,
    "overlap_depth_um": 5.5,
    "central_tir_fraction": 0.0,
    "side_tir_fraction": 0.007992187600239434
  },
  "method_comparison": {},
  "measured": {
    "SM": {
      "od": 3.0,
      "observed_kcps": 2000.0,
      "cps": 2000000000.0,
      "snr": 1.83,
      "contrast": 0.0659,
      "fwhm_mhz": 3.69,
      "sensitivity_nt": 100.0
    },
    "MM": {
      "od": 4.0,
      "observed_kcps": 2000.0,
      "cps": 20000000000.0,
      "snr": 4.2,
      "contrast": 0.0693,
      "fwhm_mhz": 4.52,
      "sensitivity_nt": 29.0
    },
    "MCF": {
      "od": 3.0,
      "observed_kcps": 2000.0,
      "cps": 2000000000.0,
      "snr": 1.98,
      "contrast": 0.081,
      "fwhm_mhz": 3.44,
      "sensitivity_nt": 103.0
    }
  },
  "comparison_normalization": {
    "reference_probe": "measured original MCF",
    "reference_measured_corrected_cps": 2000000000.0,
    "reference_model": "paper_figures.py legacy as-built MCF ensemble checkpoint",
    "reference_model_power_nw": 0.051756581935736595,
    "reference_photon_energy_j": 2.8377797959270407e-19,
    "interpretation": "empirical model-to-experiment normalization; not detector efficiency",
    "reference_model_fiber_photons_s": 182384066.62145135,
    "factor": 10.965870193864662
  },
  "assumptions": {
    "mfd_um": 5.3220408272725,
    "ips_index": 1.52,
    "nv_ppm": 3.0,
    "nv_depth_um": [
      80.0,
      90.0
    ],
    "spectrum_nm": [
      650.0,
      800.0
    ],
    "print_limits_um": [
      300.0,
      300.0,
      300.0
    ],
    "final_depth_points": 33,
    "final_spectral_points": 33,
    "spectral_quadrature": "normalized trapezoidal",
    "spatial_model": "10-um Gaussian core area with uniformly filled full-NA equal-solid-angle rays, traced footprints, and diffraction blur",
    "fiber_na": 0.21,
    "ray_model": "uniform_full_na",
    "optimization_score": "80-90 um volume integral of central 532-nm excitation times summed six-side-core 650-850-nm reciprocal collection",
    "green_fresnel": "included once by trace_full_na",
    "aperture_rule": "cap radius = decenter + scale x beam footprint, scale in [1.0, 1.35]; the fitted and physical apertures therefore coincide",
    "exposure_min": 0.85,
    "exposure_rule": "each cap must be the lowest surface of the printed union over this fraction of its own lit footprint",
    "max_surface_slope": 3.0,
    "max_surface_slope_rule": "tan of the steepest allowed tilt; bounds both TIR loss at the rim and printability",
    "min_polymer_um": 5.0,
    "field_grid_quantum_um": 5.0,
    "field_grid_rule": "integration extent snapped to this ladder so nearby candidates share one mesh",
    "diffraction_angle": "power-weighted RMS cone angle",
    "family_choice": "top candidates re-scored on the final grid before the winner is selected",
    "method_search_quadrature_points": 9
  }
}