{
  "label": "biconic + asphere",
  "slug": "biconic__asphere",
  "created": "2026-07-23 01:02:41",
  "sensitivity_nt": 19.81498132385853,
  "normalized_sensitivity_nt": 5.983731764601655,
  "resolution_um": 0.9794888055673068,
  "fwhm_mhz": 3.564092869915855,
  "photons_s": 58009383393.46236,
  "overlap_volume_um3": 2.339409722222184,
  "overlap_area_um2": 0.4253472222222153,
  "overlap_depth_um": 5.5,
  "max_saturation": 0.13354593851661054,
  "clamped_signal_fraction": 0.13223769046841055,
  "central_tir_fraction": 0.0,
  "side_tir_fraction": 0.007992187600239434,
  "central_max_slope": 1.1246439159278352,
  "side_max_slope": 2.538413526524687,
  "parameters": {
    "central_lens_type": "biconic",
    "side_lens_type": "asphere",
    "air_gap_um": 19.0,
    "central_optical_clearance_um": 19.0,
    "side_optical_clearance_um": 49.00032489208698,
    "central_lit_radius_um": 22.480003029880464,
    "side_lit_radius_um": 18.295134199976083,
    "central_side_overlap_um": 61.77513722985654,
    "side_side_overlap_um": 85.59026839995217,
    "side_core_offset_um": -28.0,
    "central_height_um": 123.0,
    "side_height_um": 93.0,
    "central_aperture_um": 22.480003029880464,
    "side_aperture_um": 46.29513419997608
  },
  "raytrace_png": "raytrace.png",
  "one_side_stl": "lens_one_side.stl",
  "full_stl": "lens_full_seven_core.stl"
}