{
  "central": {
    "family": "quadratic",
    "role": "central",
    "center_r": 0.0,
    "angle": 0.0,
    "core_r": 0.0,
    "apex": 17.0,
    "base_z": 105.0,
    "aperture": 17.597656061658686,
    "coef": [
      4.1267274096836355e-17,
      1.1901796022188227,
      1.1901796022188227,
      0.0,
      0.0,
      0.0,
      0.0,
      0.0
    ],
    "shift": -0.0,
    "shape_parameters": {
      "radius_scale": 1.0,
      "radius_x_um": 14.785714718057516,
      "radius_y_um": 14.785714718057516,
      "vertex_tilt_deg": 2.3644406377582692e-15
    }
  },
  "side": {
    "family": "freeform",
    "role": "side",
    "center_r": 33.0,
    "angle": 0.0,
    "core_r": 35.0,
    "apex": 81.0,
    "base_z": 105.0,
    "aperture": 10.669935891196005,
    "coef": [
      0.2679161305375146,
      1.2909873577246265,
      1.3829687764715146,
      -0.06827180959097169,
      -0.01249629205470103,
      0.8268179242242139,
      0.746424219478639,
      0.6641021260085322
    ],
    "shift": 0.29076315396309393,
    "shape_parameters": {
      "tilt_scale": 1.0,
      "radius_x_scale": 0.981873030293023,
      "radius_y_scale": 0.9931760464803213,
      "odd_scale": 0.6564465537353233,
      "quartic_scale": 0.7590765116551244,
      "radius_x_um": 8.264942198970743,
      "radius_y_um": 7.715239904706393,
      "vertex_tilt_deg": 14.998232572930956
    }
  },
  "parameters": {
    "central_lens_type": "quadratic",
    "side_lens_type": "freeform",
    "air_gap_um": 17.0,
    "central_optical_clearance_um": 17.0,
    "side_optical_clearance_um": 81.00262182546683,
    "central_lit_radius_um": 17.597656061658686,
    "side_lit_radius_um": 8.669935891196005,
    "central_side_overlap_um": -4.732408047145309,
    "side_side_overlap_um": -11.66012821760799,
    "side_core_offset_um": -2.0,
    "central_height_um": 88.0,
    "side_height_um": 24.0,
    "central_aperture_um": 17.597656061658686,
    "side_aperture_um": 10.669935891196005,
    "central_shape": {
      "radius_scale": 1.0,
      "radius_x_um": 14.785714718057516,
      "radius_y_um": 14.785714718057516,
      "vertex_tilt_deg": 2.3644406377582692e-15
    },
    "side_shape": {
      "tilt_scale": 1.0,
      "radius_x_scale": 0.981873030293023,
      "radius_y_scale": 0.9931760464803213,
      "odd_scale": 0.6564465537353233,
      "quartic_scale": 0.7590765116551244,
      "radius_x_um": 8.264942198970743,
      "radius_y_um": 7.715239904706393,
      "vertex_tilt_deg": 14.998232572930956
    }
  },
  "result": {
    "model_fiber_photons_s": 73268316390.1309,
    "model_excited_rate_s": 6721067746839.57,
    "effective_volume_um3": 15.056629892450566,
    "collection_efficiency": 0.010901291156391582,
    "comparison_normalized_cps": 803450846857.1821,
    "contrast": 0.081,
    "fwhm_mhz": 3.563799469238973,
    "resolution_um": 0.5569412066075751,
    "raw_model_sensitivity_nt": 17.62986280777241,
    "comparison_normalized_sensitivity_nt": 5.323869266604728,
    "tilt_deg": 0.0,
    "max_saturation": 0.07757336762130634,
    "clamped_signal_fraction": 0.9667532621953708,
    "overlap_volume_um3": 13.61111111111089,
    "overlap_area_um2": 1.361111111111089,
    "overlap_depth_um": 10.0,
    "central_tir_fraction": 0.0,
    "side_tir_fraction": 0.06602062456957472
  },
  "method_comparison": {},
  "measured": {
    "SM": {
      "od": 3.0,
      "observed_kcps": 2000.0,
      "cps": 2000000000.0,
      "snr": 1.83,
      "contrast": 0.0659,
      "fwhm_mhz": 3.69,
      "sensitivity_nt": 100.0
    },
    "MM": {
      "od": 4.0,
      "observed_kcps": 2000.0,
      "cps": 20000000000.0,
      "snr": 4.2,
      "contrast": 0.0693,
      "fwhm_mhz": 4.52,
      "sensitivity_nt": 29.0
    },
    "MCF": {
      "od": 3.0,
      "observed_kcps": 2000.0,
      "cps": 2000000000.0,
      "snr": 1.98,
      "contrast": 0.081,
      "fwhm_mhz": 3.44,
      "sensitivity_nt": 103.0
    }
  },
  "comparison_normalization": {
    "reference_probe": "measured original MCF",
    "reference_measured_corrected_cps": 2000000000.0,
    "reference_model": "paper_figures.py legacy as-built MCF ensemble checkpoint",
    "reference_model_power_nw": 0.051756581935736595,
    "reference_photon_energy_j": 2.8377797959270407e-19,
    "interpretation": "empirical model-to-experiment normalization; not detector efficiency",
    "reference_model_fiber_photons_s": 182384066.62145135,
    "factor": 10.965870193864662
  },
  "assumptions": {
    "mfd_um": 5.3220408272725,
    "ips_index": 1.52,
    "nv_ppm": 3.0,
    "nv_depth_um": [
      80.0,
      90.0
    ],
    "spectrum_nm": [
      650.0,
      800.0
    ],
    "print_limits_um": [
      300.0,
      300.0,
      300.0
    ],
    "final_depth_points": 33,
    "final_spectral_points": 33,
    "spectral_quadrature": "normalized trapezoidal",
    "spatial_model": "10-um Gaussian core area with uniformly filled full-NA equal-solid-angle rays, traced footprints, and diffraction blur",
    "fiber_na": 0.21,
    "ray_model": "uniform_full_na",
    "optimization_score": "80-90 um volume integral of central 532-nm excitation times summed six-side-core 650-850-nm reciprocal collection",
    "green_fresnel": "included once by trace_full_na",
    "aperture_rule": "cap radius = decenter + scale x beam footprint, scale in [1.0, 1.35]; the fitted and physical apertures therefore coincide",
    "exposure_min": 0.85,
    "exposure_rule": "each cap must be the lowest surface of the printed union over this fraction of its own lit footprint",
    "max_surface_slope": 3.0,
    "max_surface_slope_rule": "tan of the steepest allowed tilt; bounds both TIR loss at the rim and printability",
    "min_polymer_um": 5.0,
    "field_grid_quantum_um": 5.0,
    "field_grid_rule": "integration extent snapped to this ladder so nearby candidates share one mesh",
    "diffraction_angle": "power-weighted RMS cone angle",
    "family_choice": "top candidates re-scored on the final grid before the winner is selected",
    "method_search_quadrature_points": 9
  }
}