{
  "central": {
    "family": "quadratic",
    "role": "central",
    "center_r": 0.0,
    "angle": 0.0,
    "core_r": 0.0,
    "apex": 20.0,
    "base_z": 107.0,
    "aperture": 22.726108837890955,
    "coef": [
      6.35914336658581e-17,
      1.5136152753803602,
      1.5136152753803602,
      0.0,
      0.0,
      0.0,
      0.0,
      0.0
    ],
    "shift": -0.0,
    "shape_parameters": {
      "radius_scale": 1.0,
      "radius_x_um": 15.014455263197613,
      "radius_y_um": 15.014455263197613,
      "vertex_tilt_deg": 3.643520762239806e-15
    }
  },
  "side": {
    "family": "freeform",
    "role": "side",
    "center_r": 34.0,
    "angle": 0.0,
    "core_r": 35.0,
    "apex": 33.0,
    "base_z": 107.0,
    "aperture": 21.824506367861268,
    "coef": [
      0.6649014486530805,
      0.9411879813007257,
      1.226824631924508,
      0.0035414174871395876,
      -0.04793255823189555,
      0.3384277153003362,
      0.29418686436650765,
      0.1856081328670653
    ],
    "shift": 4.782094964663449,
    "shape_parameters": {
      "tilt_scale": 1.0,
      "radius_x_scale": 0.9928985784608368,
      "radius_y_scale": 0.995221262146,
      "odd_scale": 1.127310882776666,
      "quartic_scale": 0.7987162169506264,
      "radius_x_um": 23.188254420439698,
      "radius_y_um": 17.78942629610018,
      "vertex_tilt_deg": 33.61999078526002
    }
  },
  "parameters": {
    "central_lens_type": "quadratic",
    "side_lens_type": "freeform",
    "air_gap_um": 20.0,
    "central_optical_clearance_um": 20.0,
    "side_optical_clearance_um": 32.99983237035564,
    "central_lit_radius_um": 22.726108837890955,
    "side_lit_radius_um": 20.824506367861268,
    "central_side_overlap_um": 10.550615205752223,
    "side_side_overlap_um": 9.649012735722536,
    "side_core_offset_um": -1.0,
    "central_height_um": 87.0,
    "side_height_um": 74.0,
    "central_aperture_um": 22.726108837890955,
    "side_aperture_um": 21.824506367861268,
    "central_shape": {
      "radius_scale": 1.0,
      "radius_x_um": 15.014455263197613,
      "radius_y_um": 15.014455263197613,
      "vertex_tilt_deg": 3.643520762239806e-15
    },
    "side_shape": {
      "tilt_scale": 1.0,
      "radius_x_scale": 0.9928985784608368,
      "radius_y_scale": 0.995221262146,
      "odd_scale": 1.127310882776666,
      "quartic_scale": 0.7987162169506264,
      "radius_x_um": 23.188254420439698,
      "radius_y_um": 17.78942629610018,
      "vertex_tilt_deg": 33.61999078526002
    }
  },
  "result": {
    "model_fiber_photons_s": 220773931330.4353,
    "comparison_normalized_cps": 2420978273158.744,
    "contrast": 0.081,
    "fwhm_mhz": 3.563824690990597,
    "resolution_um": 0.6049712315739015,
    "raw_model_sensitivity_nt": 10.156316277411173,
    "comparison_normalized_sensitivity_nt": 3.0670062881821543,
    "tilt_deg": 0.0,
    "max_saturation": 0.06484154596868173,
    "clamped_signal_fraction": 0.0,
    "overlap_volume_um3": 14.0625,
    "overlap_area_um2": 2.25,
    "overlap_depth_um": 6.25,
    "central_tir_fraction": 0.0023522417365796247,
    "side_tir_fraction": 0.09482262866140641
  },
  "method_comparison": {},
  "measured": {
    "SM": {
      "od": 3.0,
      "observed_kcps": 2000.0,
      "cps": 2000000000.0,
      "snr": 1.83,
      "contrast": 0.0659,
      "fwhm_mhz": 3.69,
      "sensitivity_nt": 100.0
    },
    "MM": {
      "od": 4.0,
      "observed_kcps": 2000.0,
      "cps": 20000000000.0,
      "snr": 4.2,
      "contrast": 0.0693,
      "fwhm_mhz": 4.52,
      "sensitivity_nt": 29.0
    },
    "MCF": {
      "od": 3.0,
      "observed_kcps": 2000.0,
      "cps": 2000000000.0,
      "snr": 1.98,
      "contrast": 0.081,
      "fwhm_mhz": 3.44,
      "sensitivity_nt": 103.0
    }
  },
  "comparison_normalization": {
    "reference_probe": "measured original MCF",
    "reference_measured_corrected_cps": 2000000000.0,
    "reference_model": "paper_figures.py legacy as-built MCF ensemble checkpoint",
    "reference_model_power_nw": 0.051756581935736595,
    "reference_photon_energy_j": 2.8377797959270407e-19,
    "interpretation": "empirical model-to-experiment normalization; not detector efficiency",
    "reference_model_fiber_photons_s": 182384066.62145135,
    "factor": 10.965870193864662
  },
  "assumptions": {
    "mfd_um": 10.0,
    "ips_index": 1.52,
    "nv_ppm": 3.0,
    "nv_depth_um": [
      80.0,
      90.0
    ],
    "spectrum_nm": [
      650.0,
      800.0
    ],
    "print_limits_um": [
      300.0,
      300.0,
      300.0
    ],
    "final_depth_points": 33,
    "final_spectral_points": 33,
    "spectral_quadrature": "normalized trapezoidal",
    "spatial_model": "10-um Gaussian core area with uniformly filled full-NA equal-solid-angle rays, traced footprints, and diffraction blur",
    "fiber_na": 0.22,
    "ray_model": "uniform_full_na",
    "optimization_score": "80-90 um volume integral of central 532-nm excitation times summed six-side-core 650-850-nm reciprocal collection",
    "green_fresnel": "included once by trace_full_na",
    "aperture_rule": "cap radius = decenter + scale x beam footprint, scale in [1.0, 1.35]; the fitted and physical apertures therefore coincide",
    "exposure_min": 0.85,
    "exposure_rule": "each cap must be the lowest surface of the printed union over this fraction of its own lit footprint",
    "max_surface_slope": 3.0,
    "max_surface_slope_rule": "tan of the steepest allowed tilt; bounds both TIR loss at the rim and printability",
    "min_polymer_um": 5.0,
    "field_grid_quantum_um": 5.0,
    "field_grid_rule": "integration extent snapped to this ladder so nearby candidates share one mesh",
    "diffraction_angle": "power-weighted RMS cone angle",
    "family_choice": "top candidates re-scored on the final grid before the winner is selected",
    "method_search_quadrature_points": 9
  }
}