{
  "label": "quadratic + freeform",
  "slug": "quadratic__freeform",
  "created": "2026-07-22 17:56:32",
  "sensitivity_nt": 17.62986280777241,
  "normalized_sensitivity_nt": 5.323869266604728,
  "resolution_um": 0.5569412066075751,
  "fwhm_mhz": 3.563799469238973,
  "photons_s": 73268316390.1309,
  "overlap_volume_um3": 13.61111111111089,
  "overlap_area_um2": 1.361111111111089,
  "overlap_depth_um": 10.0,
  "max_saturation": 0.07757336762130634,
  "clamped_signal_fraction": 0.9667532621953708,
  "central_tir_fraction": 0.0,
  "side_tir_fraction": 0.06602062456957472,
  "central_max_slope": 1.1901796022188227,
  "side_max_slope": 2.3174496028953833,
  "parameters": {
    "central_lens_type": "quadratic",
    "side_lens_type": "freeform",
    "air_gap_um": 17.0,
    "central_optical_clearance_um": 17.0,
    "side_optical_clearance_um": 81.00262182546683,
    "central_lit_radius_um": 17.597656061658686,
    "side_lit_radius_um": 8.669935891196005,
    "central_side_overlap_um": -4.732408047145309,
    "side_side_overlap_um": -11.66012821760799,
    "side_core_offset_um": -2.0,
    "central_height_um": 88.0,
    "side_height_um": 24.0,
    "central_aperture_um": 17.597656061658686,
    "side_aperture_um": 10.669935891196005
  },
  "raytrace_png": "raytrace.png",
  "one_side_stl": "lens_one_side.stl",
  "full_stl": "lens_full_seven_core.stl"
}