{
  "label": "quadratic + freeform",
  "slug": "quadratic__freeform",
  "created": "2026-07-21 17:07:04",
  "sensitivity_nt": 10.156316277411173,
  "normalized_sensitivity_nt": 3.0670062881821543,
  "resolution_um": 0.6049712315739015,
  "fwhm_mhz": 3.563824690990597,
  "photons_s": 220773931330.4353,
  "overlap_volume_um3": 14.0625,
  "overlap_area_um2": 2.25,
  "overlap_depth_um": 6.25,
  "max_saturation": 0.06484154596868173,
  "clamped_signal_fraction": 0.0,
  "central_tir_fraction": 0.0023522417365796247,
  "side_tir_fraction": 0.09482262866140641,
  "central_max_slope": 1.5136152753803602,
  "side_max_slope": 1.948058562741282,
  "parameters": {
    "central_lens_type": "quadratic",
    "side_lens_type": "freeform",
    "air_gap_um": 20.0,
    "central_optical_clearance_um": 20.0,
    "side_optical_clearance_um": 32.99983237035564,
    "central_lit_radius_um": 22.726108837890955,
    "side_lit_radius_um": 20.824506367861268,
    "central_side_overlap_um": 10.550615205752223,
    "side_side_overlap_um": 9.649012735722536,
    "side_core_offset_um": -1.0,
    "central_height_um": 87.0,
    "side_height_um": 74.0,
    "central_aperture_um": 22.726108837890955,
    "side_aperture_um": 21.824506367861268
  },
  "raytrace_png": "raytrace.png",
  "one_side_stl": "lens_one_side.stl",
  "full_stl": "lens_full_seven_core.stl"
}