{
  "cases": {
    "final_33_depth_33_spectrum_grid161": {
      "model_fiber_photons_s": 60423136942.85612,
      "comparison_normalized_cps": 662592276421.4686,
      "resolution_um": 0.4188333294512787,
      "raw_model_sensitivity_nt": 19.413238151688226,
      "comparison_normalized_sensitivity_nt": 5.862413286363535
    },
    "grid121": {
      "model_fiber_photons_s": 60376156740.206535,
      "comparison_normalized_cps": 662077097617.5319,
      "resolution_um": 0.4218424555613616,
      "raw_model_sensitivity_nt": 19.420795877426116,
      "comparison_normalized_sensitivity_nt": 5.864695569794784
    },
    "depth17": {
      "model_fiber_photons_s": 60321804843.00411,
      "comparison_normalized_cps": 661481081768.0198,
      "resolution_um": 0.4219233443958169,
      "raw_model_sensitivity_nt": 19.429543458235052,
      "comparison_normalized_sensitivity_nt": 5.867337165882833
    },
    "spectrum17": {
      "model_fiber_photons_s": 60369199104.821884,
      "comparison_normalized_cps": 662000801091.0475,
      "resolution_um": 0.4218470842242725,
      "raw_model_sensitivity_nt": 19.42191499186618,
      "comparison_normalized_sensitivity_nt": 5.865033520182615
    }
  },
  "relative_photon_difference_from_final": {
    "final_33_depth_33_spectrum_grid161": 0.0,
    "grid121": -0.0007775200862877307,
    "depth17": -0.0016770413616200575,
    "spectrum17": -0.000892668616083947
  },
  "snell_law": {
    "central_532_nm": {
      "polymer_air_max_n_sin_theta_residual": 1.915134717478395e-15,
      "air_diamond_max_n_sin_theta_residual": 6.432354648922001e-15
    },
    "side_750_nm": {
      "polymer_air_max_n_sin_theta_residual": 9.992007221626409e-16,
      "air_diamond_max_n_sin_theta_residual": 4.3298697960381105e-15
    }
  },
  "quadrature": {
    "depth_points": 33,
    "spectral_points": 33,
    "spectral_weight_sum": 1.0000000000000002,
    "rule": "normalized trapezoidal"
  }
}