{
  "definition": "central 532-nm excitation rate times summed six-side-core 650-850-nm reciprocal collection",
  "depth_range_um": [
    80.0,
    90.0
  ],
  "integrated_signal_photons_s": 273033469012.28424,
  "peak_signal_density_photons_s_um3": 34050518859.132183,
  "centroid_xyz_um": [
    -4.0473351650761356e-14,
    -3.685825221931024e-14,
    -85.1454142425223
  ],
  "rms_xyz_um": [
    0.231228034739855,
    0.2272055438518903,
    2.2721837236542295
  ],
  "half_max_volume_um3": 7.200000000000034,
  "half_max_threshold_relative": 0.5
}