{
  "definition": "central 532-nm excitation rate times summed six-side-core 650-850-nm reciprocal collection",
  "depth_range_um": [
    80.0,
    90.0
  ],
  "integrated_signal_photons_s": 86020340607.85132,
  "peak_signal_density_photons_s_um3": 10404681718.29321,
  "centroid_xyz_um": [
    -5.402649339462537e-16,
    8.055118017640967e-18,
    -85.24494437989243
  ],
  "rms_xyz_um": [
    0.2755503490512985,
    0.2720414678813673,
    2.5878224896743047
  ],
  "half_max_volume_um3": 7.1875,
  "half_max_threshold_relative": 0.5
}