{
  "central": {
    "family": "biconic",
    "role": "central",
    "center_r": 0.0,
    "angle": 0.0,
    "core_r": 0.0,
    "apex": 16.0,
    "base_z": 79.0,
    "aperture": 19.21545812399,
    "coef": [
      5.35243291782988e-17,
      1.6065527204335415,
      1.6065527204335417,
      0.0,
      0.0,
      0.046691222816013615,
      0.046691222816013615,
      0.046691222816013615
    ],
    "shift": -0.0,
    "shape_parameters": {
      "radius_x_scale": 1.0,
      "radius_y_scale": 1.0,
      "asphere_scale": 0.861952235186354,
      "radius_x_um": 11.960676969757053,
      "radius_y_um": 11.960676969757051,
      "vertex_tilt_deg": 3.0667181631854466e-15
    }
  },
  "side": {
    "family": "freeform",
    "role": "side",
    "center_r": 36.0,
    "angle": 0.0,
    "core_r": 35.0,
    "apex": 22.0,
    "base_z": 79.0,
    "aperture": 19.337795445514764,
    "coef": [
      0.8245731656199788,
      1.0004509244629338,
      1.3002755370360681,
      0.24860548725438072,
      0.034806491254781524,
      0.45933893417626226,
      0.41136071058786045,
      0.28297504279099694
    ],
    "shift": 6.49254106032199,
    "shape_parameters": {
      "tilt_scale": 1.0044470698293002,
      "radius_x_scale": 1.0021116570008046,
      "radius_y_scale": 0.99984422910066,
      "odd_scale": 0.7617827263696852,
      "quartic_scale": 0.7258703404781823,
      "radius_x_um": 19.329079490726404,
      "radius_y_um": 14.872075106169099,
      "vertex_tilt_deg": 39.508076606533834
    }
  },
  "parameters": {
    "central_lens_type": "biconic",
    "side_lens_type": "freeform",
    "air_gap_um": 16.0,
    "central_optical_clearance_um": 16.0,
    "side_optical_clearance_um": 21.998458395171575,
    "central_lit_radius_um": 19.21545812399,
    "side_lit_radius_um": 18.337795445514764,
    "central_side_overlap_um": 2.5532535695047613,
    "side_side_overlap_um": 2.675590891029529,
    "side_core_offset_um": 1.0,
    "central_height_um": 63.0,
    "side_height_um": 57.0,
    "central_aperture_um": 19.21545812399,
    "side_aperture_um": 19.337795445514764,
    "central_shape": {
      "radius_x_scale": 1.0,
      "radius_y_scale": 1.0,
      "asphere_scale": 0.861952235186354,
      "radius_x_um": 11.960676969757053,
      "radius_y_um": 11.960676969757051,
      "vertex_tilt_deg": 3.0667181631854466e-15
    },
    "side_shape": {
      "tilt_scale": 1.0044470698293002,
      "radius_x_scale": 1.0021116570008046,
      "radius_y_scale": 0.99984422910066,
      "odd_scale": 0.7617827263696852,
      "quartic_scale": 0.7258703404781823,
      "radius_x_um": 19.329079490726404,
      "radius_y_um": 14.872075106169099,
      "vertex_tilt_deg": 39.508076606533834
    }
  },
  "result": {
    "model_fiber_photons_s": 224103665106.32657,
    "comparison_normalized_cps": 2457491701525.2944,
    "contrast": 0.081,
    "fwhm_mhz": 3.563821392253558,
    "resolution_um": 0.5989083799224623,
    "raw_model_sensitivity_nt": 10.080573272957508,
    "comparison_normalized_sensitivity_nt": 3.0441334015370356,
    "tilt_deg": 0.0,
    "max_saturation": 0.0826838650127592,
    "clamped_signal_fraction": 0.0,
    "overlap_volume_um3": 11.81640625,
    "overlap_area_um2": 1.890625,
    "overlap_depth_um": 6.25,
    "central_tir_fraction": 0.006797231139700931,
    "side_tir_fraction": 0.1776728677802065
  },
  "method_comparison": {},
  "measured": {
    "SM": {
      "od": 3.0,
      "observed_kcps": 2000.0,
      "cps": 2000000000.0,
      "snr": 1.83,
      "contrast": 0.0659,
      "fwhm_mhz": 3.69,
      "sensitivity_nt": 100.0
    },
    "MM": {
      "od": 4.0,
      "observed_kcps": 2000.0,
      "cps": 20000000000.0,
      "snr": 4.2,
      "contrast": 0.0693,
      "fwhm_mhz": 4.52,
      "sensitivity_nt": 29.0
    },
    "MCF": {
      "od": 3.0,
      "observed_kcps": 2000.0,
      "cps": 2000000000.0,
      "snr": 1.98,
      "contrast": 0.081,
      "fwhm_mhz": 3.44,
      "sensitivity_nt": 103.0
    }
  },
  "comparison_normalization": {
    "reference_probe": "measured original MCF",
    "reference_measured_corrected_cps": 2000000000.0,
    "reference_model": "paper_figures.py legacy as-built MCF ensemble checkpoint",
    "reference_model_power_nw": 0.051756581935736595,
    "reference_photon_energy_j": 2.8377797959270407e-19,
    "interpretation": "empirical model-to-experiment normalization; not detector efficiency",
    "reference_model_fiber_photons_s": 182384066.62145135,
    "factor": 10.965870193864662
  },
  "assumptions": {
    "mfd_um": 10.0,
    "ips_index": 1.52,
    "nv_ppm": 3.0,
    "nv_depth_um": [
      80.0,
      90.0
    ],
    "spectrum_nm": [
      650.0,
      800.0
    ],
    "print_limits_um": [
      300.0,
      300.0,
      300.0
    ],
    "final_depth_points": 33,
    "final_spectral_points": 33,
    "spectral_quadrature": "normalized trapezoidal",
    "spatial_model": "10-um Gaussian core area with uniformly filled full-NA equal-solid-angle rays, traced footprints, and diffraction blur",
    "fiber_na": 0.22,
    "ray_model": "uniform_full_na",
    "optimization_score": "80-90 um volume integral of central 532-nm excitation times summed six-side-core 650-850-nm reciprocal collection",
    "green_fresnel": "included once by trace_full_na",
    "aperture_rule": "cap radius = decenter + scale x beam footprint, scale in [1.0, 1.35]; the fitted and physical apertures therefore coincide",
    "exposure_min": 0.85,
    "exposure_rule": "each cap must be the lowest surface of the printed union over this fraction of its own lit footprint",
    "max_surface_slope": 3.0,
    "max_surface_slope_rule": "tan of the steepest allowed tilt; bounds both TIR loss at the rim and printability",
    "min_polymer_um": 5.0,
    "field_grid_quantum_um": 5.0,
    "field_grid_rule": "integration extent snapped to this ladder so nearby candidates share one mesh",
    "diffraction_angle": "power-weighted RMS cone angle",
    "family_choice": "top candidates re-scored on the final grid before the winner is selected",
    "method_search_quadrature_points": 9
  }
}