{
  "label": "biconic + freeform",
  "slug": "biconic__freeform",
  "created": "2026-07-21 22:21:41",
  "sensitivity_nt": 10.080573272957508,
  "normalized_sensitivity_nt": 3.0441334015370356,
  "resolution_um": 0.5989083799224623,
  "fwhm_mhz": 3.563821392253558,
  "photons_s": 224103665106.32657,
  "overlap_volume_um3": 11.81640625,
  "overlap_area_um2": 1.890625,
  "overlap_depth_um": 6.25,
  "max_saturation": 0.0826838650127592,
  "clamped_signal_fraction": 0.0,
  "central_tir_fraction": 0.006797231139700931,
  "side_tir_fraction": 0.1776728677802065,
  "central_max_slope": 1.6532439432495554,
  "side_max_slope": 2.532968511513556,
  "parameters": {
    "central_lens_type": "biconic",
    "side_lens_type": "freeform",
    "air_gap_um": 16.0,
    "central_optical_clearance_um": 16.0,
    "side_optical_clearance_um": 21.998458395171575,
    "central_lit_radius_um": 19.21545812399,
    "side_lit_radius_um": 18.337795445514764,
    "central_side_overlap_um": 2.5532535695047613,
    "side_side_overlap_um": 2.675590891029529,
    "side_core_offset_um": 1.0,
    "central_height_um": 63.0,
    "side_height_um": 57.0,
    "central_aperture_um": 19.21545812399,
    "side_aperture_um": 19.337795445514764
  },
  "raytrace_png": "raytrace.png",
  "one_side_stl": "lens_one_side.stl",
  "full_stl": "lens_full_seven_core.stl"
}