{
  "label": "biconic + freeform",
  "slug": "biconic__freeform",
  "created": "2026-07-23 03:22:01",
  "sensitivity_nt": 15.58923492525018,
  "normalized_sensitivity_nt": 4.707640077144036,
  "resolution_um": 0.5380114719025161,
  "fwhm_mhz": 3.5637901015811915,
  "photons_s": 93704876118.45013,
  "overlap_volume_um3": 8.802083333333487,
  "overlap_area_um2": 1.1736111111111316,
  "overlap_depth_um": 7.5,
  "max_saturation": 0.11648851285287826,
  "clamped_signal_fraction": 0.9695680833379133,
  "central_tir_fraction": 0.0,
  "side_tir_fraction": 0.026312173952404354,
  "central_max_slope": 1.1537534365685456,
  "side_max_slope": 1.9110019836363366,
  "parameters": {
    "central_lens_type": "biconic",
    "side_lens_type": "freeform",
    "air_gap_um": 8.0,
    "central_optical_clearance_um": 8.0,
    "side_optical_clearance_um": 91.99988860862814,
    "central_lit_radius_um": 21.22454238090915,
    "side_lit_radius_um": 9.50690965717688,
    "central_side_overlap_um": -2.2685479619139706,
    "side_side_overlap_um": -12.98618068564624,
    "side_core_offset_um": -1.0,
    "central_height_um": 114.0,
    "side_height_um": 30.0,
    "central_aperture_um": 21.22454238090915,
    "side_aperture_um": 10.50690965717688
  },
  "raytrace_png": "raytrace.png",
  "one_side_stl": "lens_one_side.stl",
  "full_stl": "lens_full_seven_core.stl"
}