{
  "central": {
    "family": "asphere",
    "role": "central",
    "center_r": 0.0,
    "angle": 0.0,
    "core_r": 0.0,
    "apex": 12.0,
    "base_z": 137.0,
    "aperture": 22.75899428520742,
    "coef": [
      4.9623193873975023e-17,
      1.4129944588758572,
      1.4129944588758572,
      0.0,
      0.0,
      -0.27319907109622515,
      -0.27319907109622515,
      -0.27319907109622515
    ],
    "shift": -0.0,
    "shape_parameters": {
      "radius_scale": 1.0,
      "asphere_scale": 1.0547788974324523,
      "radius_x_um": 16.106923945982,
      "radius_y_um": 16.106923945982,
      "vertex_tilt_deg": 2.8431995749382103e-15
    }
  },
  "side": {
    "family": "quadratic",
    "role": "side",
    "center_r": 34.0,
    "angle": 0.0,
    "core_r": 35.0,
    "apex": 115.0,
    "base_z": 137.0,
    "aperture": 9.850591331438704,
    "coef": [
      0.27994519290987835,
      1.4087853399986143,
      1.4087853399986143,
      0.0,
      0.0,
      0.0,
      0.0,
      0.0
    ],
    "shift": 0.2739777649502312,
    "shape_parameters": {
      "tilt_scale": 0.9531156628707849,
      "radius_scale": 1.104717429552461,
      "radius_x_um": 6.992258544831531,
      "radius_y_um": 6.992258544831531,
      "vertex_tilt_deg": 15.63933449538048
    }
  },
  "parameters": {
    "central_lens_type": "asphere",
    "side_lens_type": "quadratic",
    "air_gap_um": 12.0,
    "central_optical_clearance_um": 12.0,
    "side_optical_clearance_um": 115.00001892223453,
    "central_lit_radius_um": 22.75899428520742,
    "side_lit_radius_um": 8.390944635869047,
    "central_side_overlap_um": -1.3904143833538711,
    "side_side_overlap_um": -14.298817337122593,
    "side_core_offset_um": -1.0,
    "central_height_um": 125.0,
    "side_height_um": 22.0,
    "central_aperture_um": 22.75899428520742,
    "side_aperture_um": 9.850591331438704,
    "central_shape": {
      "radius_scale": 1.0,
      "asphere_scale": 1.0547788974324523,
      "radius_x_um": 16.106923945982,
      "radius_y_um": 16.106923945982,
      "vertex_tilt_deg": 2.8431995749382103e-15
    },
    "side_shape": {
      "tilt_scale": 0.9531156628707849,
      "radius_scale": 1.104717429552461,
      "radius_x_um": 6.992258544831531,
      "radius_y_um": 6.992258544831531,
      "vertex_tilt_deg": 15.63933449538048
    }
  },
  "result": {
    "model_fiber_photons_s": 57871279703.4948,
    "model_excited_rate_s": 6546909761361.508,
    "effective_volume_um3": 18.237899621547523,
    "collection_efficiency": 0.008839480275875954,
    "comparison_normalized_cps": 634608941181.3585,
    "contrast": 0.081,
    "fwhm_mhz": 3.5639769236200873,
    "resolution_um": 0.8383523989530632,
    "raw_model_sensitivity_nt": 19.83796502870072,
    "comparison_normalized_sensitivity_nt": 5.9906723880867165,
    "tilt_deg": 0.0,
    "max_saturation": 0.10228198032317226,
    "clamped_signal_fraction": 0.0,
    "overlap_volume_um3": 15.312499999999751,
    "overlap_area_um2": 1.361111111111089,
    "overlap_depth_um": 11.25,
    "central_tir_fraction": 0.0,
    "side_tir_fraction": 0.014491107688140709
  },
  "method_comparison": {},
  "measured": {
    "SM": {
      "od": 3.0,
      "observed_kcps": 2000.0,
      "cps": 2000000000.0,
      "snr": 1.83,
      "contrast": 0.0659,
      "fwhm_mhz": 3.69,
      "sensitivity_nt": 100.0
    },
    "MM": {
      "od": 4.0,
      "observed_kcps": 2000.0,
      "cps": 20000000000.0,
      "snr": 4.2,
      "contrast": 0.0693,
      "fwhm_mhz": 4.52,
      "sensitivity_nt": 29.0
    },
    "MCF": {
      "od": 3.0,
      "observed_kcps": 2000.0,
      "cps": 2000000000.0,
      "snr": 1.98,
      "contrast": 0.081,
      "fwhm_mhz": 3.44,
      "sensitivity_nt": 103.0
    }
  },
  "comparison_normalization": {
    "reference_probe": "measured original MCF",
    "reference_measured_corrected_cps": 2000000000.0,
    "reference_model": "paper_figures.py legacy as-built MCF ensemble checkpoint",
    "reference_model_power_nw": 0.051756581935736595,
    "reference_photon_energy_j": 2.8377797959270407e-19,
    "interpretation": "empirical model-to-experiment normalization; not detector efficiency",
    "reference_model_fiber_photons_s": 182384066.62145135,
    "factor": 10.965870193864662
  },
  "assumptions": {
    "mfd_um": 5.3220408272725,
    "ips_index": 1.52,
    "nv_ppm": 3.0,
    "nv_depth_um": [
      80.0,
      90.0
    ],
    "spectrum_nm": [
      650.0,
      800.0
    ],
    "print_limits_um": [
      300.0,
      300.0,
      300.0
    ],
    "final_depth_points": 33,
    "final_spectral_points": 33,
    "spectral_quadrature": "normalized trapezoidal",
    "spatial_model": "10-um Gaussian core area with uniformly filled full-NA equal-solid-angle rays, traced footprints, and diffraction blur",
    "fiber_na": 0.21,
    "ray_model": "uniform_full_na",
    "optimization_score": "80-90 um volume integral of central 532-nm excitation times summed six-side-core 650-850-nm reciprocal collection",
    "green_fresnel": "included once by trace_full_na",
    "aperture_rule": "cap radius = decenter + scale x beam footprint, scale in [1.0, 1.35]; the fitted and physical apertures therefore coincide",
    "exposure_min": 0.85,
    "exposure_rule": "each cap must be the lowest surface of the printed union over this fraction of its own lit footprint",
    "max_surface_slope": 3.0,
    "max_surface_slope_rule": "tan of the steepest allowed tilt; bounds both TIR loss at the rim and printability",
    "min_polymer_um": 5.0,
    "field_grid_quantum_um": 5.0,
    "field_grid_rule": "integration extent snapped to this ladder so nearby candidates share one mesh",
    "diffraction_angle": "power-weighted RMS cone angle",
    "family_choice": "top candidates re-scored on the final grid before the winner is selected",
    "method_search_quadrature_points": 9
  }
}