{
  "label": "asphere + quadratic",
  "slug": "asphere__quadratic",
  "created": "2026-07-22 19:25:43",
  "sensitivity_nt": 19.83796502870072,
  "normalized_sensitivity_nt": 5.9906723880867165,
  "resolution_um": 0.8383523989530632,
  "fwhm_mhz": 3.5639769236200873,
  "photons_s": 57871279703.4948,
  "overlap_volume_um3": 15.312499999999751,
  "overlap_area_um2": 1.361111111111089,
  "overlap_depth_um": 11.25,
  "max_saturation": 0.10228198032317226,
  "clamped_signal_fraction": 0.0,
  "central_tir_fraction": 0.0,
  "side_tir_fraction": 0.014491107688140709,
  "central_max_slope": 1.139795387779632,
  "side_max_slope": 1.6887305329084927,
  "parameters": {
    "central_lens_type": "asphere",
    "side_lens_type": "quadratic",
    "air_gap_um": 12.0,
    "central_optical_clearance_um": 12.0,
    "side_optical_clearance_um": 115.00001892223453,
    "central_lit_radius_um": 22.75899428520742,
    "side_lit_radius_um": 8.390944635869047,
    "central_side_overlap_um": -1.3904143833538711,
    "side_side_overlap_um": -14.298817337122593,
    "side_core_offset_um": -1.0,
    "central_height_um": 125.0,
    "side_height_um": 22.0,
    "central_aperture_um": 22.75899428520742,
    "side_aperture_um": 9.850591331438704
  },
  "raytrace_png": "raytrace.png",
  "one_side_stl": "lens_one_side.stl",
  "full_stl": "lens_full_seven_core.stl"
}