{
  "label": "asphere + quadratic",
  "slug": "asphere__quadratic",
  "created": "2026-07-21 17:47:09",
  "sensitivity_nt": 17.159245565543344,
  "normalized_sensitivity_nt": 5.181752183814213,
  "resolution_um": 1.5429711394470331,
  "fwhm_mhz": 3.5647351438080794,
  "photons_s": 77383027435.82155,
  "overlap_volume_um3": 70.3125,
  "overlap_area_um2": 6.25,
  "overlap_depth_um": 11.25,
  "max_saturation": 0.025242552079654684,
  "clamped_signal_fraction": 0.0,
  "central_tir_fraction": 6.487351750948567e-06,
  "side_tir_fraction": 0.011709320139675754,
  "central_max_slope": 1.3307992897027991,
  "side_max_slope": 2.4095395148645893,
  "parameters": {
    "central_lens_type": "asphere",
    "side_lens_type": "quadratic",
    "air_gap_um": 78.0,
    "central_optical_clearance_um": 78.0,
    "side_optical_clearance_um": 87.9980318968077,
    "central_lit_radius_um": 22.28727749865333,
    "side_lit_radius_um": 20.824506367861268,
    "central_side_overlap_um": 11.331934241271142,
    "side_side_overlap_um": 19.89040546978211,
    "side_core_offset_um": 7.0,
    "central_height_um": 84.0,
    "side_height_um": 74.0,
    "central_aperture_um": 22.386731506380084,
    "side_aperture_um": 30.945202734891055
  },
  "raytrace_png": "raytrace.png",
  "one_side_stl": "lens_one_side.stl",
  "full_stl": "lens_full_seven_core.stl"
}